Date,Price
3/18/2019,1.4071
3/15/2019,1.41
3/14/2019,1.4154
3/13/2019,1.4094
3/12/2019,1.412
3/11/2019,1.4142
3/8/2019,1.4184
3/7/2019,1.4249
3/6/2019,1.4219
3/5/2019,1.4112
3/4/2019,1.4098
3/1/2019,1.4114
2/28/2019,1.4092
2/27/2019,1.4004
2/26/2019,1.3906
2/25/2019,1.3947
2/22/2019,1.4029
2/21/2019,1.41
2/20/2019,1.3959
2/19/2019,1.3956
2/18/2019,1.4023
2/15/2019,1.3993
2/14/2019,1.4074
2/13/2019,1.4105
2/12/2019,1.4095
2/11/2019,1.4161
2/8/2019,1.4108
2/7/2019,1.4082
2/6/2019,1.4077
2/5/2019,1.3822
2/4/2019,1.3839
2/1/2019,1.3795
1/31/2019,1.3744
1/30/2019,1.3799
1/29/2019,1.3975
1/28/2019,1.3955
1/25/2019,1.3926
1/24/2019,1.4094
1/23/2019,1.4002
1/22/2019,1.4039
1/21/2019,1.3969
1/18/2019,1.3951
1/17/2019,1.3901
1/16/2019,1.3951
1/15/2019,1.3886
1/14/2019,1.3897
1/11/2019,1.3864
1/10/2019,1.3917
1/9/2019,1.3945
1/8/2019,1.4003
1/7/2019,1.399
1/4/2019,1.4046
1/3/2019,1.4276
1/2/2019,1.4316
1/1/2019,1.4178
12/31/2018,1.4181
12/28/2018,1.4198
12/27/2018,1.4214
12/26/2018,1.4149
12/25/2018,1.421
12/24/2018,1.416
12/21/2018,1.4219
12/20/2018,1.4066
12/19/2018,1.4069
12/18/2018,1.3923
12/17/2018,1.3926
12/14/2018,1.3934
12/13/2018,1.3837
12/12/2018,1.3847
12/11/2018,1.3877
12/10/2018,1.3907
12/7/2018,1.3889
12/6/2018,1.382
12/5/2018,1.3757
12/4/2018,1.3626
12/3/2018,1.3592
11/30/2018,1.3666
11/29/2018,1.3663
11/28/2018,1.3688
11/27/2018,1.3843
11/26/2018,1.3848
11/23/2018,1.3819
11/22/2018,1.3784
11/21/2018,1.3769
11/20/2018,1.3862
11/19/2018,1.3709
11/16/2018,1.3631
11/15/2018,1.3743
11/14/2018,1.3819
11/13/2018,1.3853
11/12/2018,1.3941
11/9/2018,1.3841
11/8/2018,1.378
11/7/2018,1.3743
11/6/2018,1.3799
11/5/2018,1.3867
11/2/2018,1.389
11/1/2018,1.3878
10/31/2018,1.4137
10/30/2018,1.4073
10/29/2018,1.4175
10/26/2018,1.4092
10/25/2018,1.4122
10/24/2018,1.4166
10/23/2018,1.4112
10/22/2018,1.4122
10/19/2018,1.4043
10/18/2018,1.4085
10/17/2018,1.4067
10/16/2018,1.4004
10/15/2018,1.4023
10/12/2018,1.4047
10/11/2018,1.4037
10/10/2018,1.4159
10/9/2018,1.4079
10/8/2018,1.4127
10/5/2018,1.418
10/4/2018,1.4136
10/3/2018,1.4076
10/2/2018,1.3911
10/1/2018,1.3842
9/28/2018,1.383
9/27/2018,1.3875
9/26/2018,1.3777
9/25/2018,1.3792
9/24/2018,1.3787
9/21/2018,1.3715
9/20/2018,1.3715
9/19/2018,1.3766
9/18/2018,1.3851
9/17/2018,1.3923
9/14/2018,1.3981
9/13/2018,1.3902
9/12/2018,1.3949
9/11/2018,1.4036
9/10/2018,1.4055
9/7/2018,1.4071
9/6/2018,1.3893
9/5/2018,1.3903
9/4/2018,1.3928
9/3/2018,1.3863
8/31/2018,1.3897
8/30/2018,1.3762
8/29/2018,1.3679
8/28/2018,1.3628
8/27/2018,1.36
8/24/2018,1.3644
8/23/2018,1.3792
8/22/2018,1.3611
8/21/2018,1.3567
8/20/2018,1.3624
8/17/2018,1.3672
8/16/2018,1.3772
8/15/2018,1.3813
8/14/2018,1.3803
8/13/2018,1.3757
8/10/2018,1.3698
8/9/2018,1.3565
8/8/2018,1.3456
8/7/2018,1.3475
8/6/2018,1.3537
8/3/2018,1.3514
8/2/2018,1.3587
8/1/2018,1.3506
7/31/2018,1.3461
7/30/2018,1.3501
7/27/2018,1.3511
7/26/2018,1.3555
7/25/2018,1.3414
7/24/2018,1.3475
7/23/2018,1.3547
7/20/2018,1.3471
7/19/2018,1.3589
7/18/2018,1.3517
7/17/2018,1.3534
7/16/2018,1.3477
7/13/2018,1.347
7/12/2018,1.3498
7/11/2018,1.3574
7/10/2018,1.3406
7/9/2018,1.3392
7/6/2018,1.3453
7/5/2018,1.3537
7/4/2018,1.3545
7/3/2018,1.3539
7/2/2018,1.3621
6/29/2018,1.3505
6/28/2018,1.3597
6/27/2018,1.3622
6/26/2018,1.3524
6/25/2018,1.3488
6/22/2018,1.3438
6/21/2018,1.3547
6/20/2018,1.3572
6/19/2018,1.3543
6/18/2018,1.3471
6/15/2018,1.3434
6/14/2018,1.3369
6/13/2018,1.3196
6/12/2018,1.3204
6/11/2018,1.3138
6/8/2018,1.3158
6/7/2018,1.3113
6/6/2018,1.3043
6/5/2018,1.3128
6/4/2018,1.3079
6/1/2018,1.3214
5/31/2018,1.3213
5/30/2018,1.3197
5/29/2018,1.3324
5/28/2018,1.3253
5/25/2018,1.3247
5/24/2018,1.3199
5/23/2018,1.3228
5/22/2018,1.3199
5/21/2018,1.3189
5/18/2018,1.331
5/17/2018,1.3312
5/16/2018,1.3304
5/15/2018,1.3383
5/14/2018,1.3288
5/11/2018,1.3257
5/10/2018,1.3275
5/9/2018,1.3397
5/8/2018,1.341
5/7/2018,1.3296
5/4/2018,1.3258
5/3/2018,1.3277
5/2/2018,1.3344
5/1/2018,1.3351
4/30/2018,1.328
4/27/2018,1.3189
4/26/2018,1.3238
4/25/2018,1.322
4/24/2018,1.3151
4/23/2018,1.315
4/20/2018,1.3033
4/19/2018,1.2936
4/18/2018,1.2847
4/17/2018,1.2876
4/16/2018,1.2853
4/13/2018,1.2873
4/12/2018,1.2896
4/11/2018,1.2895
4/10/2018,1.2885
4/9/2018,1.2991
4/6/2018,1.3025
4/5/2018,1.3013
4/4/2018,1.2958
4/3/2018,1.3014
4/2/2018,1.3047
3/30/2018,1.3022
3/29/2018,1.3025
3/28/2018,1.3053
3/27/2018,1.3022
3/26/2018,1.2906
3/23/2018,1.2992
3/22/2018,1.2999
3/21/2018,1.288
3/20/2018,1.3015
3/19/2018,1.2956
3/16/2018,1.2961
3/15/2018,1.2823
3/14/2018,1.2694
3/13/2018,1.2724
3/12/2018,1.2703
3/9/2018,1.2737
3/8/2018,1.2834
3/7/2018,1.2779
3/6/2018,1.2774
3/5/2018,1.2877
3/2/2018,1.288
3/1/2018,1.2893
2/28/2018,1.2884
2/27/2018,1.2838
2/26/2018,1.273
2/23/2018,1.2748
2/22/2018,1.2746
2/21/2018,1.2814
2/20/2018,1.2685
2/19/2018,1.2638
2/16/2018,1.2638
2/15/2018,1.2586
2/14/2018,1.2617
2/13/2018,1.2724
2/12/2018,1.2719
2/9/2018,1.2797
2/8/2018,1.2853
2/7/2018,1.2785
2/6/2018,1.2648
2/5/2018,1.2693
2/2/2018,1.2622
2/1/2018,1.2439
1/31/2018,1.2414
1/30/2018,1.2371
1/29/2018,1.2354
1/26/2018,1.2328
1/25/2018,1.2463
1/24/2018,1.2405
1/23/2018,1.25
1/22/2018,1.2472
1/19/2018,1.2512
1/18/2018,1.25
1/17/2018,1.2548
1/16/2018,1.2562
1/15/2018,1.2555
1/12/2018,1.2638
1/11/2018,1.2672
1/10/2018,1.2751
1/9/2018,1.2782
1/8/2018,1.2753
1/5/2018,1.2716
1/4/2018,1.2716
1/3/2018,1.2764
1/2/2018,1.2772
1/1/2018,1.2812
12/29/2017,1.2817
12/28/2017,1.2825
12/27/2017,1.2873
12/26/2017,1.294
12/25/2017,1.2958
12/22/2017,1.2959
12/21/2017,1.2983
12/20/2017,1.3043
12/19/2017,1.3049
12/18/2017,1.3049
12/15/2017,1.308
12/14/2017,1.3045
12/13/2017,1.3094
12/12/2017,1.3231
12/11/2017,1.3288
12/8/2017,1.3323
12/7/2017,1.3312
12/6/2017,1.3221
12/5/2017,1.3147
12/4/2017,1.316
12/1/2017,1.3141
11/30/2017,1.3216
11/29/2017,1.3208
11/28/2017,1.3166
11/27/2017,1.3154
11/24/2017,1.3133
11/23/2017,1.3115
11/22/2017,1.3126
11/21/2017,1.3195
11/20/2017,1.3245
11/17/2017,1.3217
11/16/2017,1.3179
11/15/2017,1.3176
11/14/2017,1.3103
11/13/2017,1.312
11/10/2017,1.3052
11/9/2017,1.3021
11/8/2017,1.3025
11/7/2017,1.3079
11/6/2017,1.3001
11/3/2017,1.307
11/2/2017,1.2965
11/1/2017,1.3028
10/31/2017,1.306
10/30/2017,1.3008
10/27/2017,1.3023
10/26/2017,1.3053
10/25/2017,1.298
10/24/2017,1.286
10/23/2017,1.281
10/20/2017,1.279
10/19/2017,1.2691
10/18/2017,1.2746
10/17/2017,1.2746
10/16/2017,1.2737
10/13/2017,1.2675
10/12/2017,1.2785
10/11/2017,1.284
10/10/2017,1.2856
10/9/2017,1.2898
10/6/2017,1.287
10/5/2017,1.2828
10/4/2017,1.2717
10/3/2017,1.2764
10/2/2017,1.2776
9/29/2017,1.2765
9/28/2017,1.2728
9/27/2017,1.274
9/26/2017,1.2679
9/25/2017,1.26
9/22/2017,1.2558
9/21/2017,1.2604
9/20/2017,1.245
9/19/2017,1.2485
9/18/2017,1.2562
9/15/2017,1.2496
9/14/2017,1.249
9/13/2017,1.2524
9/12/2017,1.2474
9/11/2017,1.2454
9/8/2017,1.2409
9/7/2017,1.2427
9/6/2017,1.25
9/5/2017,1.2507
9/4/2017,1.2587
9/1/2017,1.255
8/31/2017,1.2584
8/30/2017,1.2651
8/29/2017,1.2583
8/28/2017,1.2558
8/25/2017,1.2611
8/24/2017,1.2655
8/23/2017,1.2651
8/22/2017,1.264
8/21/2017,1.2596
8/18/2017,1.261
8/17/2017,1.268
8/16/2017,1.2619
8/15/2017,1.2786
8/14/2017,1.2737
8/11/2017,1.2665
8/10/2017,1.2698
8/9/2017,1.2677
8/8/2017,1.2637
8/7/2017,1.2637
8/4/2017,1.2616
8/3/2017,1.258
8/2/2017,1.2551
8/1/2017,1.255
7/31/2017,1.2495
7/28/2017,1.2521
7/27/2017,1.2551
7/26/2017,1.249
7/25/2017,1.26
7/24/2017,1.262
7/21/2017,1.2633
7/20/2017,1.2565
7/19/2017,1.2574
7/18/2017,1.2632
7/17/2017,1.282
7/14/2017,1.2767
7/13/2017,1.2936
7/12/2017,1.3024
7/11/2017,1.3094
7/10/2017,1.3146
7/7/2017,1.3148
7/6/2017,1.3182
7/5/2017,1.3153
7/4/2017,1.3151
7/3/2017,1.3053
6/30/2017,1.3003
6/29/2017,1.3015
6/28/2017,1.3088
6/27/2017,1.3188
6/26/2017,1.3184
6/23/2017,1.3212
6/22/2017,1.3259
6/21/2017,1.3239
6/20/2017,1.3192
6/19/2017,1.316
6/16/2017,1.3122
6/15/2017,1.3195
6/14/2017,1.3179
6/13/2017,1.3267
6/12/2017,1.326
6/9/2017,1.3279
6/8/2017,1.3252
6/7/2017,1.3244
6/6/2017,1.3318
6/5/2017,1.3357
6/2/2017,1.343
6/1/2017,1.3561
5/31/2017,1.3458
5/30/2017,1.3395
5/29/2017,1.344
5/26/2017,1.3428
5/25/2017,1.3416
5/24/2017,1.3325
5/23/2017,1.3372
5/22/2017,1.3376
5/19/2017,1.3402
5/18/2017,1.3479
5/17/2017,1.3458
5/16/2017,1.3465
5/15/2017,1.349
5/12/2017,1.3539
5/11/2017,1.3552
5/10/2017,1.3571
5/9/2017,1.3615
5/8/2017,1.3537
5/5/2017,1.3475
5/4/2017,1.3497
5/3/2017,1.3472
5/2/2017,1.327
5/1/2017,1.3288
4/28/2017,1.3354
4/27/2017,1.3397
4/26/2017,1.3379
4/25/2017,1.3271
4/24/2017,1.3209
4/21/2017,1.3257
4/20/2017,1.3285
4/19/2017,1.3338
4/18/2017,1.3227
4/17/2017,1.3175
4/14/2017,1.3198
4/13/2017,1.3213
4/12/2017,1.3296
4/11/2017,1.3335
4/10/2017,1.3332
4/7/2017,1.3334
4/6/2017,1.3252
4/5/2017,1.321
4/4/2017,1.3218
4/3/2017,1.315
3/31/2017,1.3109
3/30/2017,1.3088
3/29/2017,1.3038
3/28/2017,1.3099
3/27/2017,1.3127
3/24/2017,1.312
3/23/2017,1.311
3/22/2017,1.3025
3/21/2017,1.3002
3/20/2017,1.2936
3/17/2017,1.2981
3/16/2017,1.3025
3/15/2017,1.2971
3/14/2017,1.3229
3/13/2017,1.3209
3/10/2017,1.3259
3/9/2017,1.3323
3/8/2017,1.3285
3/7/2017,1.3179
3/6/2017,1.3195
3/3/2017,1.3166
3/2/2017,1.3207
3/1/2017,1.3025
2/28/2017,1.3058
2/27/2017,1.3032
2/24/2017,1.3032
2/23/2017,1.2961
2/22/2017,1.2982
2/21/2017,1.3028
2/20/2017,1.3006
2/17/2017,1.3035
2/16/2017,1.2998
2/15/2017,1.2971
2/14/2017,1.3048
2/13/2017,1.309
2/10/2017,1.3028
2/9/2017,1.3115
2/8/2017,1.3081
2/7/2017,1.3115
2/6/2017,1.3055
2/3/2017,1.3015
2/2/2017,1.3059
2/1/2017,1.3183
1/31/2017,1.3183
1/30/2017,1.3236
1/27/2017,1.3242
1/26/2017,1.3272
1/25/2017,1.3205
1/24/2017,1.3189
1/23/2017,1.3187
1/20/2017,1.3236
1/19/2017,1.3225
1/18/2017,1.3323
1/17/2017,1.3216
1/16/2017,1.3374
1/13/2017,1.333
1/12/2017,1.3363
1/11/2017,1.3439
1/10/2017,1.357
1/9/2017,1.3599
1/6/2017,1.3702
1/5/2017,1.3631
1/4/2017,1.3728
1/3/2017,1.384
1/2/2017,1.3917
12/30/2016,1.3858
12/29/2016,1.3854
12/28/2016,1.3933
12/27/2016,1.3916
12/26/2016,1.391
12/23/2016,1.3923
12/22/2016,1.3856
12/21/2016,1.3816
12/20/2016,1.3775
12/19/2016,1.3801
12/16/2016,1.3687
12/15/2016,1.359
12/14/2016,1.3502
12/13/2016,1.3335
12/12/2016,1.3337
12/9/2016,1.3417
12/8/2016,1.3403
12/7/2016,1.3365
12/6/2016,1.3403
12/5/2016,1.3382
12/2/2016,1.34
12/1/2016,1.3487
11/30/2016,1.354
11/29/2016,1.3362
11/28/2016,1.3364
11/25/2016,1.3433
11/24/2016,1.35
11/23/2016,1.3541
11/22/2016,1.351
11/21/2016,1.3572
11/18/2016,1.3627
11/17/2016,1.35
11/16/2016,1.3369
11/15/2016,1.3231
11/14/2016,1.3238
11/11/2016,1.324
11/10/2016,1.3135
11/9/2016,1.3097
11/8/2016,1.2882
11/7/2016,1.2941
11/4/2016,1.3033
11/3/2016,1.3015
11/2/2016,1.3054
11/1/2016,1.3068
10/31/2016,1.3142
10/28/2016,1.3158
10/27/2016,1.3175
10/26/2016,1.3072
10/25/2016,1.3077
10/24/2016,1.314
10/21/2016,1.3145
10/20/2016,1.3112
10/19/2016,1.295
10/18/2016,1.3045
10/17/2016,1.3109
10/14/2016,1.3123
10/13/2016,1.3211
10/12/2016,1.3226
10/11/2016,1.3264
10/10/2016,1.3147
10/7/2016,1.3197
10/6/2016,1.3184
10/5/2016,1.3121
10/4/2016,1.3121
10/3/2016,1.3031
9/30/2016,1.3048
9/29/2016,1.3096
9/28/2016,1.2999
9/27/2016,1.3043
9/26/2016,1.3095
9/23/2016,1.3123
9/22/2016,1.3081
9/21/2016,1.3117
9/20/2016,1.3232
9/19/2016,1.3273
9/16/2016,1.335
9/15/2016,1.3308
9/14/2016,1.3388
9/13/2016,1.3395
9/12/2016,1.3217
9/9/2016,1.326
9/8/2016,1.3082
9/7/2016,1.3033
9/6/2016,1.3007
9/5/2016,1.3188
9/2/2016,1.3205
9/1/2016,1.3241
8/31/2016,1.3306
8/30/2016,1.3312
8/29/2016,1.3211
8/26/2016,1.322
8/25/2016,1.3127
8/24/2016,1.3135
8/23/2016,1.3131
8/22/2016,1.3127
8/19/2016,1.311
8/18/2016,1.3011
8/17/2016,1.3064
8/16/2016,1.2995
8/15/2016,1.3032
8/12/2016,1.3077
8/11/2016,1.2989
8/10/2016,1.2982
8/9/2016,1.3034
8/8/2016,1.307
8/5/2016,1.3123
8/4/2016,1.311
8/3/2016,1.3177
8/2/2016,1.314
8/1/2016,1.3268
7/29/2016,1.3163
7/28/2016,1.3329
7/27/2016,1.335
7/26/2016,1.3329
7/25/2016,1.3388
7/22/2016,1.3395
7/21/2016,1.334
7/20/2016,1.3373
7/19/2016,1.3327
7/18/2016,1.3173
7/15/2016,1.3196
7/14/2016,1.3104
7/13/2016,1.3145
7/12/2016,1.312
7/11/2016,1.3277
7/8/2016,1.3213
7/7/2016,1.3361
7/6/2016,1.3299
7/5/2016,1.3401
7/4/2016,1.3264
7/1/2016,1.3335
6/30/2016,1.3424
6/29/2016,1.342
6/28/2016,1.3535
6/27/2016,1.3637
6/24/2016,1.3399
6/23/2016,1.3139
6/22/2016,1.3331
6/21/2016,1.3423
6/20/2016,1.3409
6/17/2016,1.3517
6/16/2016,1.3581
6/15/2016,1.3499
6/14/2016,1.3588
6/13/2016,1.3537
6/10/2016,1.3565
6/9/2016,1.3455
6/8/2016,1.3386
6/7/2016,1.3405
6/6/2016,1.3574
6/3/2016,1.3573
6/2/2016,1.3833
6/1/2016,1.378
5/31/2016,1.3825
5/30/2016,1.3923
5/27/2016,1.3923
5/26/2016,1.3839
5/25/2016,1.3891
5/24/2016,1.3922
5/23/2016,1.3843
5/20/2016,1.3847
5/19/2016,1.3836
5/18/2016,1.383
5/17/2016,1.3653
5/16/2016,1.3719
5/13/2016,1.3759
5/12/2016,1.3651
5/11/2016,1.3558
5/10/2016,1.3582
5/9/2016,1.3668
5/6/2016,1.3572
5/5/2016,1.3394
5/4/2016,1.341
5/3/2016,1.3362
5/2/2016,1.3045
4/29/2016,1.3152
4/28/2016,1.3113
4/27/2016,1.3179
4/26/2016,1.2906
4/25/2016,1.2961
4/22/2016,1.2974
4/21/2016,1.2923
4/20/2016,1.283
4/19/2016,1.2797
4/18/2016,1.2904
4/15/2016,1.2948
4/14/2016,1.2993
4/13/2016,1.3066
4/12/2016,1.3013
4/11/2016,1.3164
4/8/2016,1.3234
4/7/2016,1.3327
4/6/2016,1.3159
4/5/2016,1.3251
4/4/2016,1.3148
4/1/2016,1.3039
3/31/2016,1.3058
3/30/2016,1.3036
3/29/2016,1.3111
3/28/2016,1.3253
3/25/2016,1.332
3/24/2016,1.3281
3/23/2016,1.3277
3/22/2016,1.312
3/21/2016,1.3195
3/18/2016,1.3152
3/17/2016,1.3071
3/16/2016,1.3242
3/15/2016,1.341
3/14/2016,1.3304
3/11/2016,1.3226
3/10/2016,1.3423
3/9/2016,1.3357
3/8/2016,1.3448
3/7/2016,1.339
3/4/2016,1.3437
3/3/2016,1.3602
3/2/2016,1.371
3/1/2016,1.3937
2/29/2016,1.4002
2/26/2016,1.4024
2/25/2016,1.3821
2/24/2016,1.3895
2/23/2016,1.3883
2/22/2016,1.3837
2/19/2016,1.3985
2/18/2016,1.3972
2/17/2016,1.3918
2/16/2016,1.4061
2/15/2016,1.4009
2/12/2016,1.4072
2/11/2016,1.4067
2/10/2016,1.4092
2/9/2016,1.4142
2/8/2016,1.411
2/5/2016,1.4141
2/4/2016,1.3889
2/3/2016,1.395
2/2/2016,1.4207
2/1/2016,1.4061
1/29/2016,1.4115
1/28/2016,1.4114
1/27/2016,1.4233
1/26/2016,1.4276
1/25/2016,1.4378
1/22/2016,1.4281
1/21/2016,1.4289
1/20/2016,1.4477
1/19/2016,1.4477
1/18/2016,1.4566
1/15/2016,1.4557
1/14/2016,1.4316
1/13/2016,1.4375
1/12/2016,1.4313
1/11/2016,1.4295
1/8/2016,1.4382
1/7/2016,1.4262
1/6/2016,1.414
1/5/2016,1.3964
1/4/2016,1.3904
1/1/2016,1.3701
12/31/2015,1.3737
12/30/2015,1.3724
12/29/2015,1.3706
12/28/2015,1.3795
12/25/2015,1.3805
12/24/2015,1.3737
12/23/2015,1.3826
12/22/2015,1.3818
12/21/2015,1.3908
12/18/2015,1.3943
12/17/2015,1.4029
12/16/2015,1.3826
12/15/2015,1.3903
12/14/2015,1.38
12/11/2015,1.3911
12/10/2015,1.3733
12/9/2015,1.3832
12/8/2015,1.3858
12/7/2015,1.3759
12/4/2015,1.3621
12/3/2015,1.3623
12/2/2015,1.3681
12/1/2015,1.3653
11/30/2015,1.3834
11/27/2015,1.39
11/26/2015,1.384
11/25/2015,1.379
11/24/2015,1.378
11/23/2015,1.39
11/20/2015,1.3811
11/19/2015,1.39
11/18/2015,1.4064
11/17/2015,1.4062
11/16/2015,1.4091
11/13/2015,1.4022
11/12/2015,1.4032
11/11/2015,1.4163
11/10/2015,1.4223
11/9/2015,1.419
11/6/2015,1.4187
11/5/2015,1.3999
11/4/2015,1.3989
11/3/2015,1.3915
11/2/2015,1.3994
10/30/2015,1.4006
10/29/2015,1.4142
10/28/2015,1.4054
10/27/2015,1.3904
10/26/2015,1.3795
10/23/2015,1.386
10/22/2015,1.3874
10/21/2015,1.3868
10/20/2015,1.3773
10/19/2015,1.3791
10/16/2015,1.3771
10/15/2015,1.3645
10/14/2015,1.3699
10/13/2015,1.3805
10/12/2015,1.3583
10/9/2015,1.3633
10/8/2015,1.3774
10/7/2015,1.3874
10/6/2015,1.3955
10/5/2015,1.4117
10/2/2015,1.4188
10/1/2015,1.4227
9/30/2015,1.4246
9/29/2015,1.4314
9/28/2015,1.4307
9/25/2015,1.4238
9/24/2015,1.4235
9/23/2015,1.4279
9/22/2015,1.4103
9/21/2015,1.4023
9/18/2015,1.391
9/17/2015,1.394
9/16/2015,1.3894
9/15/2015,1.4002
9/14/2015,1.4011
9/11/2015,1.4101
9/10/2015,1.4139
9/9/2015,1.4248
9/8/2015,1.4251
9/7/2015,1.444
9/4/2015,1.4477
9/3/2015,1.425
9/2/2015,1.4208
9/1/2015,1.4247
8/31/2015,1.4058
8/28/2015,1.3941
8/27/2015,1.3954
8/26/2015,1.4041
8/25/2015,1.4028
8/24/2015,1.3969
8/21/2015,1.3659
8/20/2015,1.3628
8/19/2015,1.3609
8/18/2015,1.3624
8/17/2015,1.3566
8/14/2015,1.3567
8/13/2015,1.3587
8/12/2015,1.3552
8/11/2015,1.3691
8/10/2015,1.3489
8/7/2015,1.3479
8/6/2015,1.3613
8/5/2015,1.3595
8/4/2015,1.3551
8/3/2015,1.3724
7/31/2015,1.3689
7/30/2015,1.3712
7/29/2015,1.3707
7/28/2015,1.3628
7/27/2015,1.3754
7/24/2015,1.3731
7/23/2015,1.3594
7/22/2015,1.3559
7/21/2015,1.3478
7/20/2015,1.3565
7/17/2015,1.3565
7/16/2015,1.3505
7/15/2015,1.3552
7/14/2015,1.342
7/13/2015,1.35
7/10/2015,1.3431
7/9/2015,1.3428
7/8/2015,1.346
7/7/2015,1.3418
7/6/2015,1.3332
7/3/2015,1.3316
7/2/2015,1.3103
7/1/2015,1.3082
6/30/2015,1.2973
6/29/2015,1.3022
6/26/2015,1.3062
6/25/2015,1.2925
6/24/2015,1.2981
6/23/2015,1.2927
6/22/2015,1.2939
6/19/2015,1.2869
6/18/2015,1.2823
6/17/2015,1.2906
6/16/2015,1.29
6/15/2015,1.2877
6/12/2015,1.2935
6/11/2015,1.2895
6/10/2015,1.2887
6/9/2015,1.3003
6/8/2015,1.2984
6/5/2015,1.3107
6/4/2015,1.3005
6/3/2015,1.2843
6/2/2015,1.2866
6/1/2015,1.3148
5/29/2015,1.3088
5/28/2015,1.3074
5/27/2015,1.294
5/26/2015,1.2927
5/25/2015,1.278
5/22/2015,1.2772
5/21/2015,1.2667
5/20/2015,1.2701
5/19/2015,1.2635
5/18/2015,1.2517
5/15/2015,1.2447
5/14/2015,1.2376
5/13/2015,1.2327
5/12/2015,1.2538
5/11/2015,1.2673
5/8/2015,1.2605
5/7/2015,1.2647
5/6/2015,1.2549
5/5/2015,1.2591
5/4/2015,1.2759
5/1/2015,1.2736
4/30/2015,1.265
4/29/2015,1.2487
4/28/2015,1.2462
4/27/2015,1.2725
4/24/2015,1.2791
4/23/2015,1.2856
4/22/2015,1.2895
4/21/2015,1.2971
4/20/2015,1.2944
4/17/2015,1.286
4/16/2015,1.2815
4/15/2015,1.302
4/14/2015,1.3114
4/13/2015,1.3176
4/10/2015,1.3014
4/9/2015,1.2998
4/8/2015,1.3015
4/7/2015,1.31
4/6/2015,1.3174
4/3/2015,1.3104
4/2/2015,1.3173
4/1/2015,1.3158
3/31/2015,1.3146
3/30/2015,1.3064
3/27/2015,1.29
3/26/2015,1.2774
3/25/2015,1.2747
3/24/2015,1.2696
3/23/2015,1.2689
3/20/2015,1.2863
3/19/2015,1.3075
3/18/2015,1.2868
3/17/2015,1.3127
3/16/2015,1.3088
3/13/2015,1.3094
3/12/2015,1.2974
3/11/2015,1.3167
3/10/2015,1.3114
3/9/2015,1.2984
3/6/2015,1.2956
3/5/2015,1.285
3/4/2015,1.2792
3/3/2015,1.2795
3/2/2015,1.2875
2/27/2015,1.2802
2/26/2015,1.282
2/25/2015,1.2681
2/24/2015,1.2768
2/23/2015,1.2818
2/20/2015,1.2749
2/19/2015,1.2833
2/18/2015,1.2801
2/17/2015,1.2792
2/16/2015,1.2865
2/13/2015,1.2873
2/12/2015,1.2927
2/11/2015,1.2955
2/10/2015,1.287
2/9/2015,1.2815
2/6/2015,1.2826
2/5/2015,1.2824
2/4/2015,1.2899
2/3/2015,1.2832
2/2/2015,1.2816
1/30/2015,1.2873
1/29/2015,1.2886
1/28/2015,1.2677
1/27/2015,1.2599
1/26/2015,1.2618
1/23/2015,1.2646
1/22/2015,1.246
1/21/2015,1.2368
1/20/2015,1.2239
1/19/2015,1.2178
1/16/2015,1.2155
1/15/2015,1.2176
1/14/2015,1.2269
1/13/2015,1.2245
1/12/2015,1.226
1/9/2015,1.2188
1/8/2015,1.2311
1/7/2015,1.2377
1/6/2015,1.2369
1/5/2015,1.2372
1/2/2015,1.2362
1/1/2015,1.2222
12/31/2014,1.224
12/30/2014,1.2221
12/29/2014,1.2297
12/26/2014,1.2319
12/25/2014,1.2322
12/24/2014,1.2336
12/23/2014,1.234
12/22/2014,1.2292
12/19/2014,1.228
12/18/2014,1.2247
12/17/2014,1.2309
12/16/2014,1.2168
12/15/2014,1.218
12/12/2014,1.2128
12/11/2014,1.2088
12/10/2014,1.2023
12/9/2014,1.2058
12/8/2014,1.2058
12/5/2014,1.201
12/4/2014,1.1929
12/3/2014,1.1896
12/2/2014,1.1843
12/1/2014,1.1777
11/28/2014,1.175
11/27/2014,1.1702
11/26/2014,1.17
11/25/2014,1.1722
11/24/2014,1.1603
11/21/2014,1.1534
11/20/2014,1.1603
11/19/2014,1.1603
11/18/2014,1.1466
11/17/2014,1.1483
11/14/2014,1.1433
11/13/2014,1.1467
11/12/2014,1.1469
11/11/2014,1.1513
11/10/2014,1.1599
11/7/2014,1.1582
11/6/2014,1.1683
11/5/2014,1.1638
11/4/2014,1.1443
11/3/2014,1.152
10/31/2014,1.1366
10/30/2014,1.132
10/29/2014,1.1367
10/28/2014,1.1292
10/27/2014,1.1361
10/24/2014,1.137
10/23/2014,1.1414
10/22/2014,1.1393
10/21/2014,1.1391
10/20/2014,1.1386
10/17/2014,1.1437
10/16/2014,1.142
10/15/2014,1.1326
10/14/2014,1.1476
10/13/2014,1.1402
10/10/2014,1.1516
10/9/2014,1.1385
10/8/2014,1.131
10/7/2014,1.1341
10/6/2014,1.1412
10/3/2014,1.1528
10/2/2014,1.1359
10/1/2014,1.1444
9/30/2014,1.1433
9/29/2014,1.1471
9/26/2014,1.1409
9/25/2014,1.1381
9/24/2014,1.1258
9/23/2014,1.1312
9/22/2014,1.127
9/19/2014,1.1203
9/18/2014,1.1122
9/17/2014,1.1161
9/16/2014,1.0995
9/15/2014,1.1077
9/12/2014,1.1063
9/11/2014,1.0989
9/10/2014,1.0921
9/9/2014,1.0867
9/8/2014,1.0775
9/5/2014,1.0663
9/4/2014,1.0697
9/3/2014,1.0698
9/2/2014,1.0781
9/1/2014,1.0716
8/29/2014,1.0709
8/28/2014,1.0688
8/27/2014,1.0711
8/26/2014,1.0745
8/25/2014,1.0756
8/22/2014,1.0736
8/21/2014,1.0751
8/20/2014,1.0768
8/19/2014,1.0751
8/18/2014,1.073
8/15/2014,1.0728
8/14/2014,1.073
8/13/2014,1.0747
8/12/2014,1.0789
8/11/2014,1.0795
8/8/2014,1.0777
8/7/2014,1.0787
8/6/2014,1.069
8/5/2014,1.0748
8/4/2014,1.0714
8/1/2014,1.074
7/31/2014,1.0756
7/30/2014,1.0717
7/29/2014,1.0657
7/28/2014,1.0631
7/25/2014,1.0644
7/24/2014,1.0617
7/23/2014,1.0575
7/22/2014,1.0647
7/21/2014,1.0669
7/18/2014,1.0649
7/17/2014,1.0692
7/16/2014,1.0675
7/15/2014,1.0672
7/14/2014,1.0644
7/11/2014,1.0647
7/10/2014,1.0644
7/9/2014,1.0623
7/8/2014,1.0638
7/7/2014,1.0669
7/4/2014,1.0679
7/3/2014,1.0699
7/2/2014,1.0589
7/1/2014,1.0528
6/30/2014,1.0602
6/27/2014,1.0612
6/26/2014,1.0623
6/25/2014,1.0629
6/24/2014,1.0675
6/23/2014,1.0614
6/20/2014,1.0651
6/19/2014,1.064
6/18/2014,1.063
6/17/2014,1.0711
6/16/2014,1.0638
6/13/2014,1.0636
6/12/2014,1.0608
6/11/2014,1.0656
6/10/2014,1.0669
6/9/2014,1.0688
6/6/2014,1.0715
6/5/2014,1.0706
6/4/2014,1.078
6/3/2014,1.0795
6/2/2014,1.0814
5/30/2014,1.0741
5/29/2014,1.0743
5/28/2014,1.0827
5/27/2014,1.08
5/26/2014,1.0827
5/23/2014,1.0833
5/22/2014,1.0843
5/21/2014,1.0809
5/20/2014,1.0818
5/19/2014,1.0721
5/16/2014,1.068
5/15/2014,1.0688
5/14/2014,1.0663
5/13/2014,1.0682
5/12/2014,1.0683
5/9/2014,1.068
5/8/2014,1.0669
5/7/2014,1.0722
5/6/2014,1.0695
5/5/2014,1.0783
5/2/2014,1.078
5/1/2014,1.0781
4/30/2014,1.0766
4/29/2014,1.0789
4/28/2014,1.0802
4/25/2014,1.0781
4/24/2014,1.0794
4/23/2014,1.0762
4/22/2014,1.0674
4/21/2014,1.072
4/18/2014,1.0716
4/17/2014,1.0721
4/16/2014,1.0671
4/15/2014,1.0683
4/14/2014,1.0612
4/11/2014,1.0642
4/10/2014,1.0623
4/9/2014,1.0648
4/8/2014,1.0681
4/7/2014,1.0787
4/4/2014,1.0762
4/3/2014,1.0833
4/2/2014,1.0812
4/1/2014,1.0816
3/31/2014,1.0794
3/28/2014,1.0812
3/27/2014,1.0798
3/26/2014,1.0844
3/25/2014,1.0911
3/24/2014,1.0949
3/21/2014,1.1011
3/20/2014,1.1063
3/19/2014,1.1059
3/18/2014,1.0955
3/17/2014,1.1006
3/14/2014,1.1076
3/13/2014,1.1071
3/12/2014,1.1126
3/11/2014,1.1139
3/10/2014,1.1086
3/7/2014,1.1022
3/6/2014,1.1001
3/5/2014,1.1128
3/4/2014,1.1173
3/3/2014,1.1189
2/28/2014,1.12
2/27/2014,1.1155
2/26/2014,1.1151
2/25/2014,1.1086
2/24/2014,1.1065
2/21/2014,1.114
2/20/2014,1.1103
2/19/2014,1.1112
2/18/2014,1.1077
2/17/2014,1.1071
2/14/2014,1.1071
2/13/2014,1.1137
2/12/2014,1.1079
2/11/2014,1.1065
2/10/2014,1.1175
2/7/2014,1.1163
2/6/2014,1.1165
2/5/2014,1.1224
2/4/2014,1.1202
2/3/2014,1.1425
1/31/2014,1.1421
1/30/2014,1.137
1/29/2014,1.1441
1/28/2014,1.1391
1/27/2014,1.1443
1/24/2014,1.1516
1/23/2014,1.1405
1/22/2014,1.1298
1/21/2014,1.1357
1/20/2014,1.1349
1/17/2014,1.1386
1/16/2014,1.1336
1/15/2014,1.1218
1/14/2014,1.1153
1/13/2014,1.1046
1/10/2014,1.1116
1/9/2014,1.124
1/8/2014,1.1233
1/7/2014,1.1201
1/6/2014,1.1152
1/3/2014,1.1177
1/2/2014,1.1223
1/1/2014,1.1256
12/31/2013,1.1214
12/30/2013,1.1231
12/27/2013,1.1275
12/26/2013,1.1242
12/25/2013,1.1215
12/24/2013,1.121
12/23/2013,1.1191
12/20/2013,1.1209
12/19/2013,1.1277
12/18/2013,1.1286
12/17/2013,1.124
12/16/2013,1.1176
12/13/2013,1.1157
12/12/2013,1.1188
12/11/2013,1.105
12/10/2013,1.0928
12/9/2013,1.0974
12/6/2013,1.0986
12/5/2013,1.1034
12/4/2013,1.1074
12/3/2013,1.0945
12/2/2013,1.0983
11/29/2013,1.0975
11/28/2013,1.0988
11/27/2013,1.1014
11/26/2013,1.0955
11/25/2013,1.0916
11/22/2013,1.0904
11/21/2013,1.0829
11/20/2013,1.0713
11/19/2013,1.06
11/18/2013,1.0665
11/15/2013,1.0672
11/14/2013,1.0732
11/13/2013,1.0683
11/12/2013,1.0751
11/11/2013,1.0685
11/8/2013,1.0655
11/7/2013,1.0576
11/6/2013,1.0498
11/5/2013,1.0518
11/4/2013,1.0514
11/1/2013,1.0596
10/31/2013,1.0572
10/30/2013,1.0545
10/29/2013,1.055
10/28/2013,1.0448
10/25/2013,1.0434
10/24/2013,1.0393
10/23/2013,1.0387
10/22/2013,1.0301
10/21/2013,1.036
10/18/2013,1.0334
10/17/2013,1.0377
10/16/2013,1.0469
10/15/2013,1.0497
10/14/2013,1.054
10/11/2013,1.0562
10/10/2013,1.058
10/9/2013,1.0589
10/8/2013,1.0612
10/7/2013,1.0605
10/4/2013,1.06
10/3/2013,1.0644
10/2/2013,1.0655
10/1/2013,1.064
9/30/2013,1.0733
9/27/2013,1.0735
9/26/2013,1.0678
9/25/2013,1.0676
9/24/2013,1.0646
9/23/2013,1.0603
9/20/2013,1.0645
9/19/2013,1.0596
9/18/2013,1.0505
9/17/2013,1.0689
9/16/2013,1.0731
9/13/2013,1.0816
9/12/2013,1.0787
9/11/2013,1.0719
9/10/2013,1.0741
9/9/2013,1.0837
9/6/2013,1.0886
9/5/2013,1.0964
9/4/2013,1.0904
9/3/2013,1.1036
9/2/2013,1.1139
8/30/2013,1.1237
8/29/2013,1.1197
8/28/2013,1.1185
8/27/2013,1.113
8/26/2013,1.1074
8/23/2013,1.108
8/22/2013,1.1101
8/21/2013,1.1147
8/20/2013,1.1022
8/19/2013,1.0977
8/16/2013,1.0888
8/15/2013,1.094
8/14/2013,1.0963
8/13/2013,1.097
8/12/2013,1.093
8/9/2013,1.0878
8/8/2013,1.0984
8/7/2013,1.1111
8/6/2013,1.1127
8/5/2013,1.1197
8/2/2013,1.1234
8/1/2013,1.1204
7/31/2013,1.1133
7/30/2013,1.1035
7/29/2013,1.0863
7/26/2013,1.0796
7/25/2013,1.0814
7/24/2013,1.0912
7/23/2013,1.0756
7/22/2013,1.0812
7/19/2013,1.0902
7/18/2013,1.0906
7/17/2013,1.0826
7/16/2013,1.0808
7/15/2013,1.0991
7/12/2013,1.1052
7/11/2013,1.0884
7/10/2013,1.0902
7/9/2013,1.0896
7/8/2013,1.0949
7/5/2013,1.1029
7/4/2013,1.0934
7/3/2013,1.1003
7/2/2013,1.0933
7/1/2013,1.0825
6/28/2013,1.094
6/27/2013,1.0781
6/26/2013,1.0779
6/25/2013,1.0797
6/24/2013,1.0812
6/21/2013,1.0847
6/20/2013,1.0873
6/19/2013,1.0759
6/18/2013,1.0541
6/17/2013,1.0474
6/14/2013,1.0451
6/13/2013,1.0374
6/12/2013,1.0547
6/11/2013,1.0609
6/10/2013,1.0566
6/7/2013,1.0532
6/6/2013,1.0423
6/5/2013,1.0482
6/4/2013,1.0362
6/3/2013,1.0232
5/31/2013,1.0446
5/30/2013,1.0351
5/29/2013,1.038
5/28/2013,1.04
5/27/2013,1.0381
5/24/2013,1.0366
5/23/2013,1.0255
5/22/2013,1.0312
5/21/2013,1.02
5/20/2013,1.0195
5/17/2013,1.028
5/16/2013,1.0196
5/15/2013,1.0103
5/14/2013,1.0111
5/13/2013,1.0047
5/10/2013,0.9978
5/9/2013,0.9908
5/8/2013,0.9833
5/7/2013,0.9818
5/6/2013,0.9752
5/3/2013,0.9691
5/2/2013,0.9757
5/1/2013,0.9729
4/30/2013,0.9642
4/29/2013,0.9662
4/26/2013,0.9728
4/25/2013,0.9715
4/24/2013,0.973
4/23/2013,0.9745
4/22/2013,0.9732
4/19/2013,0.9731
4/18/2013,0.9709
4/17/2013,0.971
4/16/2013,0.9627
4/15/2013,0.9699
4/12/2013,0.9516
4/11/2013,0.9489
4/10/2013,0.9485
4/9/2013,0.9532
4/8/2013,0.9607
4/5/2013,0.9637
4/4/2013,0.9589
4/3/2013,0.9565
4/2/2013,0.9569
4/1/2013,0.9595
3/29/2013,0.9598
3/28/2013,0.9603
3/27/2013,0.9579
3/26/2013,0.9542
3/25/2013,0.9559
3/22/2013,0.9577
3/21/2013,0.958
3/20/2013,0.9635
3/19/2013,0.9646
3/18/2013,0.9615
3/15/2013,0.9604
3/14/2013,0.9634
3/13/2013,0.9711
3/12/2013,0.9691
3/11/2013,0.9728
3/8/2013,0.9776
3/7/2013,0.9738
3/6/2013,0.9769
3/5/2013,0.9758
3/4/2013,0.9815
3/1/2013,0.9807
2/28/2013,0.9789
2/27/2013,0.9773
2/26/2013,0.9776
2/25/2013,0.973
2/22/2013,0.9682
2/21/2013,0.9763
2/20/2013,0.9758
2/19/2013,0.9658
2/18/2013,0.9711
2/15/2013,0.9705
2/14/2013,0.9654
2/13/2013,0.9661
2/12/2013,0.9705
2/11/2013,0.9731
2/8/2013,0.969
2/7/2013,0.9725
2/6/2013,0.9689
2/5/2013,0.9619
2/4/2013,0.9584
2/1/2013,0.9617
1/31/2013,0.9589
1/30/2013,0.9603
1/29/2013,0.9552
1/28/2013,0.9603
1/25/2013,0.9592
1/24/2013,0.9562
1/23/2013,0.9477
1/22/2013,0.9464
1/21/2013,0.9511
1/18/2013,0.9516
1/17/2013,0.9486
1/16/2013,0.946
1/15/2013,0.9468
1/14/2013,0.9466
1/11/2013,0.949
1/10/2013,0.9441
1/9/2013,0.9508
1/8/2013,0.952
1/7/2013,0.9521
1/4/2013,0.954
1/3/2013,0.9558
1/2/2013,0.9526
1/1/2013,0.9625
12/31/2012,0.9617
12/28/2012,0.9646
12/27/2012,0.9636
12/26/2012,0.9638
12/25/2012,0.9644
12/24/2012,0.9648
12/21/2012,0.9609
12/20/2012,0.954
12/19/2012,0.9536
12/18/2012,0.9496
12/17/2012,0.9478
12/14/2012,0.947
12/13/2012,0.9502
12/12/2012,0.948
12/11/2012,0.9499
12/10/2012,0.9532
12/7/2012,0.9536
12/6/2012,0.9539
12/5/2012,0.9562
12/4/2012,0.9548
12/3/2012,0.9597
11/30/2012,0.9582
11/29/2012,0.9585
11/28/2012,0.9545
11/27/2012,0.9574
11/26/2012,0.9556
11/23/2012,0.9566
11/22/2012,0.9628
11/21/2012,0.9651
11/20/2012,0.9628
11/19/2012,0.9606
11/16/2012,0.9666
11/15/2012,0.968
11/14/2012,0.9642
11/13/2012,0.9588
11/12/2012,0.9589
11/9/2012,0.9627
11/8/2012,0.961
11/7/2012,0.9602
11/6/2012,0.9581
11/5/2012,0.9651
11/2/2012,0.9675
11/1/2012,0.9615
10/31/2012,0.9639
10/30/2012,0.9649
10/29/2012,0.9678
10/26/2012,0.9638
10/25/2012,0.9663
10/24/2012,0.9658
10/23/2012,0.9743
10/22/2012,0.9688
10/19/2012,0.968
10/18/2012,0.9648
10/17/2012,0.9631
10/16/2012,0.9726
10/15/2012,0.976
10/12/2012,0.9771
10/11/2012,0.9744
10/10/2012,0.9778
10/9/2012,0.9802
10/8/2012,0.9815
10/5/2012,0.9818
10/4/2012,0.9762
10/3/2012,0.979
10/2/2012,0.9742
10/1/2012,0.9653
9/28/2012,0.9637
9/27/2012,0.957
9/26/2012,0.9644
9/25/2012,0.9629
9/24/2012,0.959
9/21/2012,0.9559
9/20/2012,0.9588
9/19/2012,0.9546
9/18/2012,0.9566
9/17/2012,0.9548
9/14/2012,0.9479
9/13/2012,0.9483
9/12/2012,0.9558
9/11/2012,0.959
9/10/2012,0.9679
9/7/2012,0.9627
9/6/2012,0.9724
9/5/2012,0.9814
9/4/2012,0.9783
9/3/2012,0.9764
8/31/2012,0.9687
8/30/2012,0.9718
8/29/2012,0.9664
8/28/2012,0.9645
8/27/2012,0.9651
8/24/2012,0.9608
8/23/2012,0.9578
8/22/2012,0.9518
8/21/2012,0.9538
8/20/2012,0.9573
8/17/2012,0.9593
8/16/2012,0.9517
8/15/2012,0.952
8/14/2012,0.9532
8/13/2012,0.9507
8/10/2012,0.9458
8/9/2012,0.9452
8/8/2012,0.946
8/7/2012,0.9473
8/6/2012,0.9464
8/3/2012,0.946
8/2/2012,0.9557
8/1/2012,0.956
7/31/2012,0.9528
7/30/2012,0.9524
7/27/2012,0.9538
7/26/2012,0.9617
7/25/2012,0.9696
7/24/2012,0.9779
7/23/2012,0.9747
7/20/2012,0.9636
7/19/2012,0.959
7/18/2012,0.9648
7/17/2012,0.9695
7/16/2012,0.976
7/13/2012,0.9775
7/12/2012,0.9869
7/11/2012,0.9753
7/10/2012,0.9815
7/9/2012,0.9792
7/6/2012,0.9791
7/5/2012,0.9717
7/4/2012,0.9732
7/3/2012,0.9725
7/2/2012,0.9755
6/29/2012,0.9766
6/28/2012,0.9958
6/27/2012,0.9921
6/26/2012,0.9938
6/25/2012,0.9995
6/22/2012,0.9935
6/21/2012,0.9964
6/20/2012,0.9815
6/19/2012,0.9818
6/18/2012,0.9879
6/15/2012,0.9919
6/14/2012,0.9979
6/13/2012,1.0063
6/12/2012,1.0038
6/11/2012,1.0142
6/8/2012,1.0084
6/7/2012,1.0105
6/6/2012,1.0076
6/5/2012,1.0265
6/4/2012,1.028
6/1/2012,1.0305
5/31/2012,1.0279
5/30/2012,1.0301
5/29/2012,1.0155
5/28/2012,1.015
5/25/2012,1.0246
5/24/2012,1.0238
5/23/2012,1.0248
5/22/2012,1.0221
5/21/2012,1.0089
5/18/2012,1.0158
5/17/2012,1.0108
5/16/2012,1.0087
5/15/2012,1.0061
5/14/2012,1.0039
5/11/2012,0.998
5/10/2012,0.9932
5/9/2012,0.9961
5/8/2012,0.9883
5/7/2012,0.9804
5/4/2012,0.9825
5/3/2012,0.9743
5/2/2012,0.9678
5/1/2012,0.9676
4/30/2012,0.9592
4/27/2012,0.955
4/26/2012,0.9632
4/25/2012,0.9639
4/24/2012,0.9691
4/23/2012,0.9695
4/20/2012,0.9631
4/19/2012,0.9677
4/18/2012,0.9656
4/17/2012,0.9627
4/16/2012,0.9657
4/13/2012,0.9638
4/12/2012,0.958
4/11/2012,0.9704
4/10/2012,0.9751
4/9/2012,0.9702
4/6/2012,0.9704
4/5/2012,0.9706
4/4/2012,0.9743
4/3/2012,0.9679
4/2/2012,0.9604
3/30/2012,0.9666
3/29/2012,0.9629
3/28/2012,0.9623
3/27/2012,0.9558
3/26/2012,0.9491
3/23/2012,0.9556
3/22/2012,0.9621
3/21/2012,0.9565
3/20/2012,0.9546
3/19/2012,0.9425
3/16/2012,0.944
3/15/2012,0.9496
3/14/2012,0.9567
3/13/2012,0.948
3/12/2012,0.9515
3/9/2012,0.9458
3/8/2012,0.9396
3/7/2012,0.9443
3/6/2012,0.9479
3/5/2012,0.9375
3/2/2012,0.9315
3/1/2012,0.9254
2/29/2012,0.9315
2/28/2012,0.9281
2/27/2012,0.9296
2/24/2012,0.9347
2/23/2012,0.9331
2/22/2012,0.9402
2/21/2012,0.9374
2/20/2012,0.9297
2/17/2012,0.9335
2/16/2012,0.9298
2/15/2012,0.9347
2/14/2012,0.9364
2/13/2012,0.9314
2/10/2012,0.9379
2/9/2012,0.927
2/8/2012,0.9265
2/7/2012,0.9254
2/6/2012,0.9323
2/3/2012,0.9285
2/2/2012,0.9336
2/1/2012,0.9345
1/31/2012,0.9421
1/30/2012,0.9437
1/27/2012,0.9387
1/26/2012,0.9416
1/25/2012,0.9436
1/24/2012,0.9545
1/23/2012,0.9492
1/20/2012,0.9537
1/19/2012,0.9597
1/18/2012,0.9585
1/17/2012,0.9633
1/16/2012,0.9703
1/13/2012,0.969
1/12/2012,0.967
1/11/2012,0.9698
1/10/2012,0.9692
1/9/2012,0.9767
1/6/2012,0.9778
1/5/2012,0.9753
1/4/2012,0.9646
1/3/2012,0.9642
1/2/2012,0.9774
12/30/2011,0.9783
12/29/2011,0.9859
12/28/2011,0.991
12/27/2011,0.9845
12/26/2011,0.9838
12/23/2011,0.9853
12/22/2011,0.9871
12/21/2011,0.9909
12/20/2011,0.9919
12/19/2011,1.0109
12/16/2011,1.003
12/15/2011,1.0084
12/14/2011,1.0093
12/13/2011,0.9984
12/12/2011,0.9927
12/9/2011,0.9791
12/8/2011,0.9836
12/7/2011,0.9718
12/6/2011,0.9765
12/5/2011,0.9738
12/2/2011,0.9791
12/1/2011,0.9774
11/30/2011,0.9731
11/29/2011,0.9976
11/28/2011,1.0105
11/25/2011,1.0307
11/24/2011,1.0282
11/23/2011,1.0324
11/22/2011,1.0166
11/21/2011,1.0156
11/18/2011,0.9996
11/17/2011,1.0008
11/16/2011,0.9918
11/15/2011,0.982
11/14/2011,0.98
11/11/2011,0.9721
11/10/2011,0.9847
11/9/2011,0.9847
11/8/2011,0.9624
11/7/2011,0.9643
11/4/2011,0.9638
11/3/2011,0.9609
11/2/2011,0.967
11/1/2011,0.9676
10/31/2011,0.9489
10/28/2011,0.9345
10/27/2011,0.9325
10/26/2011,0.9615
10/25/2011,0.9591
10/24/2011,0.9551
10/21/2011,0.9641
10/20/2011,0.9773
10/19/2011,0.9773
10/18/2011,0.9749
10/17/2011,0.9849
10/14/2011,0.9667
10/13/2011,0.9815
10/12/2011,0.985
10/11/2011,1.0043
10/10/2011,1.0011
10/7/2011,1.0233
10/6/2011,1.0274
10/5/2011,1.0354
10/4/2011,1.0428
10/3/2011,1.0505
9/30/2011,1.0348
9/29/2011,1.0232
9/28/2011,1.0245
9/27/2011,1.0093
9/26/2011,1.0156
9/23/2011,1.0225
9/22/2011,1.0262
9/21/2011,0.9943
9/20/2011,0.9738
9/19/2011,0.9793
9/16/2011,0.965
9/15/2011,0.9677
9/14/2011,0.9738
9/13/2011,0.9694
9/12/2011,0.9657
9/9/2011,0.9546
9/8/2011,0.9456
9/7/2011,0.9383
9/6/2011,0.953
9/5/2011,0.9482
9/2/2011,0.9393
9/1/2011,0.932
8/31/2011,0.9345
8/30/2011,0.9363
8/29/2011,0.9384
8/26/2011,0.9459
8/25/2011,0.9584
8/24/2011,0.9546
8/23/2011,0.9501
8/22/2011,0.9621
8/19/2011,0.9613
8/18/2011,0.9627
8/17/2011,0.9486
8/16/2011,0.9548
8/15/2011,0.9517
8/12/2011,0.9657
8/11/2011,0.966
8/10/2011,0.982
8/9/2011,0.9644
8/8/2011,0.9798
8/5/2011,0.9577
8/4/2011,0.9554
8/3/2011,0.9289
8/2/2011,0.9278
8/1/2011,0.9113
7/29/2011,0.9095
7/28/2011,0.9086
7/27/2011,0.9069
7/26/2011,0.9134
7/25/2011,0.9224
7/22/2011,0.922
7/21/2011,0.9229
7/20/2011,0.9305
7/19/2011,0.9318
7/18/2011,0.9426
7/15/2011,0.9392
7/14/2011,0.9327
7/13/2011,0.9291
7/12/2011,0.9428
7/11/2011,0.9385
7/8/2011,0.9298
7/7/2011,0.9279
7/6/2011,0.9349
7/5/2011,0.9355
7/4/2011,0.9315
7/1/2011,0.9279
6/30/2011,0.9326
6/29/2011,0.9366
6/28/2011,0.949
6/27/2011,0.9571
6/24/2011,0.9525
6/23/2011,0.9496
6/22/2011,0.9458
6/21/2011,0.9432
6/20/2011,0.9453
6/17/2011,0.9405
6/16/2011,0.9474
6/15/2011,0.9474
6/14/2011,0.9365
6/13/2011,0.9432
6/10/2011,0.9491
6/9/2011,0.9408
6/8/2011,0.9416
6/7/2011,0.9329
6/6/2011,0.9332
6/3/2011,0.9332
6/2/2011,0.937
6/1/2011,0.9433
5/31/2011,0.9371
5/30/2011,0.9357
5/27/2011,0.9345
5/26/2011,0.9402
5/25/2011,0.9499
5/24/2011,0.947
5/23/2011,0.9519
5/20/2011,0.9382
5/19/2011,0.9368
5/18/2011,0.9411
5/17/2011,0.9416
5/16/2011,0.9462
5/13/2011,0.9458
5/12/2011,0.9367
5/11/2011,0.9351
5/10/2011,0.9226
5/9/2011,0.9261
5/6/2011,0.9353
5/5/2011,0.945
5/4/2011,0.9307
5/3/2011,0.9224
5/2/2011,0.9138
4/29/2011,0.9118
4/28/2011,0.9151
4/27/2011,0.9199
4/26/2011,0.9277
4/25/2011,0.9325
4/22/2011,0.931
4/21/2011,0.9304
4/20/2011,0.9342
4/19/2011,0.9498
4/18/2011,0.9517
4/15/2011,0.9462
4/14/2011,0.9486
4/13/2011,0.9523
4/12/2011,0.9581
4/11/2011,0.9526
4/8/2011,0.9466
4/7/2011,0.9551
4/6/2011,0.9579
4/5/2011,0.9683
4/4/2011,0.9648
4/1/2011,0.9624
3/31/2011,0.9682
3/30/2011,0.9685
3/29/2011,0.9718
3/28/2011,0.9763
3/25/2011,0.9746
3/24/2011,0.9792
3/23/2011,0.9872
3/22/2011,0.9899
3/21/2011,0.9932
3/18/2011,1.0033
3/17/2011,1.0194
3/16/2011,1.0236
3/15/2011,1.0101
3/14/2011,0.9911
3/11/2011,0.9857
3/10/2011,0.9994
3/9/2011,0.9898
3/8/2011,0.9903
3/7/2011,0.9888
3/4/2011,0.9856
3/3/2011,0.9855
3/2/2011,0.9838
3/1/2011,0.9865
2/28/2011,0.9818
2/25/2011,0.9829
2/24/2011,0.9909
2/23/2011,0.998
2/22/2011,1.0008
2/21/2011,0.9908
2/18/2011,0.9855
2/17/2011,0.9886
2/16/2011,0.9966
2/15/2011,1.0036
2/14/2011,0.9964
2/11/2011,0.9972
2/10/2011,0.9956
2/9/2011,0.9882
2/8/2011,0.9855
2/7/2011,0.9868
2/4/2011,0.9867
2/3/2011,0.9845
2/2/2011,0.9919
2/1/2011,0.9879
1/31/2011,1.0031
1/28/2011,1.0067
1/27/2011,1.0083
1/26/2011,1.0017
1/25/2011,1.0029
1/24/2011,1.0025
1/21/2011,1.0103
1/20/2011,1.0128
1/19/2011,0.9995
1/18/2011,1.0014
1/17/2011,1.0063
1/14/2011,1.011
1/13/2011,1.0023
1/12/2011,1.0042
1/11/2011,1.0132
1/10/2011,1.0038
1/7/2011,1.003
1/6/2011,1.0051
1/5/2011,1.0004
1/4/2011,0.9943
1/3/2011,0.984
12/31/2010,0.9772
12/30/2010,0.983
12/29/2010,0.9826
12/28/2010,0.9906
12/27/2010,0.9956
12/24/2010,0.9952
12/23/2010,0.9955
12/22/2010,1.0002
12/21/2010,1.0031
12/20/2010,1.0067
12/17/2010,1.0116
12/16/2010,1.0107
12/15/2010,1.0139
12/14/2010,1.0006
12/13/2010,1.0048
12/10/2010,1.0147
12/9/2010,1.0158
12/8/2010,1.0219
12/7/2010,1.0164
12/6/2010,1.0101
12/3/2010,1.0074
12/2/2010,1.0248
12/1/2010,1.032
11/30/2010,1.044
11/29/2010,1.0381
11/26/2010,1.0366
11/25/2010,1.02
11/24/2010,1.0179
11/23/2010,1.028
11/22/2010,1.0111
11/19/2010,1.0137
11/18/2010,1.0107
11/17/2010,1.0219
11/16/2010,1.0236
11/15/2010,1.0154
11/12/2010,1.0137
11/11/2010,1.0022
11/10/2010,0.994
11/9/2010,0.9968
11/8/2010,0.9869
11/5/2010,0.984
11/4/2010,0.9862
11/3/2010,0.9942
11/2/2010,1.0004
11/1/2010,1.0128
10/29/2010,1.0166
10/28/2010,1.0214
10/27/2010,1.0286
10/26/2010,1.0145
10/25/2010,1.0091
10/22/2010,1.0175
10/21/2010,1.0224
10/20/2010,1.0135
10/19/2010,1.0318
10/18/2010,1.0111
10/15/2010,1.0093
10/14/2010,1.0055
10/13/2010,1.0099
10/12/2010,1.0139
10/11/2010,1.0169
10/8/2010,1.0152
10/7/2010,1.0181
10/6/2010,1.0229
10/5/2010,1.0295
10/4/2010,1.0333
10/1/2010,1.029
9/30/2010,1.0343
9/29/2010,1.0324
9/28/2010,1.0337
9/27/2010,1.0406
9/24/2010,1.0427
9/23/2010,1.0541
9/22/2010,1.0454
9/21/2010,1.0488
9/20/2010,1.0551
9/17/2010,1.0681
9/16/2010,1.0678
9/15/2010,1.0655
9/14/2010,1.0642
9/13/2010,1.0682
9/10/2010,1.0792
9/9/2010,1.0833
9/8/2010,1.0884
9/7/2010,1.0981
9/6/2010,1.0902
9/3/2010,1.091
9/2/2010,1.0977
9/1/2010,1.0973
8/31/2010,1.1227
8/30/2010,1.1209
8/27/2010,1.1123
8/26/2010,1.1281
8/25/2010,1.1315
8/24/2010,1.1336
8/23/2010,1.1223
8/20/2010,1.1184
8/19/2010,1.1202
8/18/2010,1.1126
8/17/2010,1.1048
8/16/2010,1.1134
8/13/2010,1.12
8/12/2010,1.1161
8/11/2010,1.1159
8/10/2010,1.0945
8/9/2010,1.0911
8/6/2010,1.089
8/5/2010,1.0925
8/4/2010,1.0901
8/3/2010,1.0957
8/2/2010,1.0948
7/30/2010,1.106
7/29/2010,1.1108
7/28/2010,1.1228
7/27/2010,1.1092
7/26/2010,1.1076
7/23/2010,1.1166
7/22/2010,1.119
7/21/2010,1.1396
7/20/2010,1.1318
7/19/2010,1.1515
7/16/2010,1.1507
7/15/2010,1.1314
7/14/2010,1.1305
7/13/2010,1.1324
7/12/2010,1.1418
7/9/2010,1.1395
7/8/2010,1.1395
7/7/2010,1.1568
7/6/2010,1.1724
7/5/2010,1.1906
7/2/2010,1.1881
7/1/2010,1.186
6/30/2010,1.1905
6/29/2010,1.1809
6/28/2010,1.1467
6/25/2010,1.143
6/24/2010,1.1536
6/23/2010,1.1442
6/22/2010,1.1461
6/21/2010,1.1421
6/18/2010,1.1467
6/17/2010,1.1519
6/16/2010,1.1582
6/15/2010,1.1557
6/14/2010,1.166
6/11/2010,1.176
6/10/2010,1.1778
6/9/2010,1.2078
6/8/2010,1.2087
6/7/2010,1.2354
6/4/2010,1.2146
6/3/2010,1.1852
6/2/2010,1.1885
6/1/2010,1.2016
5/31/2010,1.1813
5/28/2010,1.1799
5/27/2010,1.1743
5/26/2010,1.218
5/25/2010,1.2065
5/24/2010,1.2132
5/21/2010,1.2012
5/20/2010,1.2262
5/19/2010,1.1797
5/18/2010,1.159
5/17/2010,1.1401
5/14/2010,1.129
5/13/2010,1.117
5/12/2010,1.1191
5/11/2010,1.1179
5/10/2010,1.1075
5/7/2010,1.1259
5/6/2010,1.1294
5/5/2010,1.1048
5/4/2010,1.1006
5/3/2010,1.0793
4/30/2010,1.0815
4/29/2010,1.0783
4/28/2010,1.0807
4/27/2010,1.0928
4/26/2010,1.079
4/23/2010,1.0779
4/22/2010,1.0782
4/21/2010,1.08
4/20/2010,1.0726
4/19/2010,1.0821
4/16/2010,1.0817
4/15/2010,1.0697
4/14/2010,1.0695
4/13/2010,1.0768
4/12/2010,1.08
4/9/2010,1.0717
4/8/2010,1.0762
4/7/2010,1.0787
4/6/2010,1.0781
4/5/2010,1.0849
4/2/2010,1.0876
4/1/2010,1.0859
3/31/2010,1.0907
3/30/2010,1.089
3/29/2010,1.0898
3/26/2010,1.1061
3/25/2010,1.1027
3/24/2010,1.1026
3/23/2010,1.0883
3/22/2010,1.0901
3/19/2010,1.0924
3/18/2010,1.0861
3/17/2010,1.0834
3/16/2010,1.0872
3/15/2010,1.0934
3/12/2010,1.0926
3/11/2010,1.0927
3/10/2010,1.0934
3/9/2010,1.0942
3/8/2010,1.0998
3/5/2010,1.1021
3/4/2010,1.1102
3/3/2010,1.1044
3/2/2010,1.1069
3/1/2010,1.1096
2/26/2010,1.1169
2/25/2010,1.1253
2/24/2010,1.1199
2/23/2010,1.1234
2/22/2010,1.1109
2/19/2010,1.1127
2/18/2010,1.1087
2/17/2010,1.1113
2/16/2010,1.1086
2/15/2010,1.1247
2/12/2010,1.1269
2/11/2010,1.1223
2/10/2010,1.1428
2/9/2010,1.1387
2/8/2010,1.1564
2/5/2010,1.152
2/4/2010,1.1572
2/3/2010,1.133
2/2/2010,1.1281
2/1/2010,1.1212
1/29/2010,1.1305
1/28/2010,1.1191
1/27/2010,1.1175
1/26/2010,1.1126
1/25/2010,1.1059
1/22/2010,1.1101
1/21/2010,1.1097
1/20/2010,1.1002
1/19/2010,1.0808
1/18/2010,1.0794
1/15/2010,1.0832
1/14/2010,1.0731
1/13/2010,1.0818
1/12/2010,1.0859
1/11/2010,1.0737
1/8/2010,1.0819
1/7/2010,1.0909
1/6/2010,1.0867
1/5/2010,1.0965
1/4/2010,1.0957
1/1/2010,1.1145
12/31/2009,1.1144
12/30/2009,1.1183
12/29/2009,1.118
12/28/2009,1.1269
12/25/2009,1.13
12/24/2009,1.133
12/23/2009,1.1368
12/22/2009,1.1416
12/21/2009,1.1347
12/18/2009,1.1231
12/17/2009,1.1275
12/16/2009,1.1103
12/15/2009,1.1027
12/14/2009,1.0908
12/11/2009,1.0962
12/10/2009,1.0905
12/9/2009,1.1004
12/8/2009,1.1061
12/7/2009,1.0962
12/4/2009,1.0919
12/3/2009,1.0813
12/2/2009,1.081
12/1/2009,1.0806
11/30/2009,1.0924
11/27/2009,1.1033
11/26/2009,1.0954
11/25/2009,1.0729
11/24/2009,1.0884
11/23/2009,1.0819
11/20/2009,1.092
11/19/2009,1.0873
11/18/2009,1.0756
11/17/2009,1.0743
11/16/2009,1.0673
11/13/2009,1.0714
11/12/2009,1.0837
11/11/2009,1.075
11/10/2009,1.0748
11/9/2009,1.0755
11/6/2009,1.0882
11/5/2009,1.098
11/4/2009,1.0979
11/3/2009,1.1076
11/2/2009,1.1076
10/30/2009,1.1119
10/29/2009,1.0919
10/28/2009,1.1138
10/27/2009,1.0916
10/26/2009,1.0909
10/23/2009,1.0842
10/22/2009,1.0791
10/21/2009,1.0785
10/20/2009,1.0823
10/19/2009,1.0769
10/16/2009,1.0911
10/15/2009,1.0859
10/14/2009,1.0924
10/13/2009,1.0997
10/12/2009,1.1027
10/9/2009,1.1063
10/8/2009,1.1035
10/7/2009,1.1221
10/6/2009,1.1229
10/5/2009,1.1397
10/2/2009,1.1557
10/1/2009,1.1486
9/30/2009,1.1315
9/29/2009,1.1481
9/28/2009,1.1458
9/25/2009,1.1517
9/24/2009,1.1559
9/23/2009,1.1497
9/22/2009,1.145
9/21/2009,1.1585
9/18/2009,1.1526
9/17/2009,1.1463
9/16/2009,1.1454
9/15/2009,1.1582
9/14/2009,1.1604
9/11/2009,1.1578
9/10/2009,1.1578
9/9/2009,1.1587
9/8/2009,1.1608
9/7/2009,1.1691
9/4/2009,1.1755
9/3/2009,1.1905
9/2/2009,1.1997
9/1/2009,1.2092
8/31/2009,1.1843
8/28/2009,1.1875
8/27/2009,1.1908
8/26/2009,1.2086
8/25/2009,1.1983
8/24/2009,1.1931
8/21/2009,1.1978
8/20/2009,1.2028
8/19/2009,1.205
8/18/2009,1.2106
8/17/2009,1.2184
8/14/2009,1.201
8/13/2009,1.1859
8/12/2009,1.2014
8/11/2009,1.2063
8/10/2009,1.1934
8/7/2009,1.1945
8/6/2009,1.1918
8/5/2009,1.1894
8/4/2009,1.1835
8/3/2009,1.1877
7/31/2009,1.1971
7/30/2009,1.2115
7/29/2009,1.224
7/28/2009,1.209
7/27/2009,1.2151
7/24/2009,1.2235
7/23/2009,1.23
7/22/2009,1.226
7/21/2009,1.2237
7/20/2009,1.2257
7/17/2009,1.2462
7/16/2009,1.2416
7/15/2009,1.244
7/14/2009,1.2586
7/13/2009,1.2778
7/10/2009,1.2841
7/9/2009,1.2774
7/8/2009,1.2842
7/7/2009,1.2664
7/6/2009,1.2545
7/3/2009,1.2546
7/2/2009,1.2626
7/1/2009,1.2372
6/30/2009,1.2395
6/29/2009,1.2394
6/26/2009,1.2386
6/25/2009,1.2454
6/24/2009,1.2559
6/23/2009,1.2592
6/22/2009,1.2713
6/19/2009,1.2403
6/18/2009,1.2512
6/17/2009,1.2611
6/16/2009,1.2614
6/15/2009,1.2576
6/12/2009,1.2311
6/11/2009,1.2207
6/10/2009,1.2468
6/9/2009,1.2486
6/8/2009,1.2677
6/5/2009,1.2606
6/4/2009,1.2462
6/3/2009,1.2494
6/2/2009,1.218
6/1/2009,1.2344
5/29/2009,1.2481
5/28/2009,1.274
5/27/2009,1.29
5/26/2009,1.2717
5/25/2009,1.2786
5/22/2009,1.2775
5/21/2009,1.2833
5/20/2009,1.2919
5/19/2009,1.2925
5/18/2009,1.309
5/15/2009,1.3356
5/14/2009,1.3169
5/13/2009,1.3283
5/12/2009,1.3071
5/11/2009,1.3184
5/8/2009,1.2991
5/7/2009,1.3214
5/6/2009,1.3378
5/5/2009,1.3475
5/4/2009,1.3512
5/1/2009,1.3687
4/30/2009,1.3782
4/29/2009,1.3779
4/28/2009,1.4163
4/27/2009,1.4096
4/24/2009,1.3826
4/23/2009,1.3993
4/22/2009,1.4177
4/21/2009,1.408
4/20/2009,1.4328
4/17/2009,1.3861
4/16/2009,1.3883
4/15/2009,1.3722
4/14/2009,1.3878
4/13/2009,1.3683
4/10/2009,1.3897
4/9/2009,1.3892
4/8/2009,1.4082
4/7/2009,1.4089
4/6/2009,1.4043
4/3/2009,1.3985
4/2/2009,1.3963
4/1/2009,1.4311
3/31/2009,1.4448
3/30/2009,1.4688
3/27/2009,1.4415
3/26/2009,1.4242
3/25/2009,1.4348
3/24/2009,1.4385
3/23/2009,1.4169
3/20/2009,1.4562
3/19/2009,1.4579
3/18/2009,1.4714
3/17/2009,1.5111
3/16/2009,1.5166
3/13/2009,1.5178
3/12/2009,1.5242
3/11/2009,1.538
3/10/2009,1.5475
3/9/2009,1.5819
3/6/2009,1.5599
3/5/2009,1.5673
3/4/2009,1.5402
3/3/2009,1.5675
3/2/2009,1.5884
2/27/2009,1.5629
2/26/2009,1.5429
2/25/2009,1.546
2/24/2009,1.5379
2/23/2009,1.5583
2/20/2009,1.5484
2/19/2009,1.5546
2/18/2009,1.567
2/17/2009,1.5754
2/16/2009,1.5414
2/13/2009,1.5206
2/12/2009,1.5324
2/11/2009,1.525
2/10/2009,1.5322
2/9/2009,1.4697
2/6/2009,1.4794
2/5/2009,1.5336
2/4/2009,1.5552
2/3/2009,1.5341
2/2/2009,1.5839
1/30/2009,1.5747
1/29/2009,1.5317
1/28/2009,1.5027
1/27/2009,1.509
1/26/2009,1.5171
1/23/2009,1.5254
1/22/2009,1.525
1/21/2009,1.5054
1/20/2009,1.5438
1/19/2009,1.4916
1/16/2009,1.4857
1/15/2009,1.5032
1/14/2009,1.5151
1/13/2009,1.5063
1/12/2009,1.4699
1/9/2009,1.4224
1/8/2009,1.4029
1/7/2009,1.4054
1/6/2009,1.3828
1/5/2009,1.3931
1/2/2009,1.4076
1/1/2009,1.4237
12/31/2008,1.4133
12/30/2008,1.4465
12/29/2008,1.4553
12/26/2008,1.4574
12/25/2008,1.4647
12/24/2008,1.4653
12/23/2008,1.4684
12/22/2008,1.46
12/19/2008,1.4679
12/18/2008,1.4678
12/17/2008,1.4252
12/16/2008,1.4356
12/15/2008,1.4987
12/12/2008,1.5103
12/11/2008,1.4889
12/10/2008,1.5227
12/9/2008,1.524
12/8/2008,1.4983
12/5/2008,1.5448
12/4/2008,1.551
12/3/2008,1.5438
12/2/2008,1.55
12/1/2008,1.5619
11/28/2008,1.5287
11/27/2008,1.5204
11/26/2008,1.5287
11/25/2008,1.5376
11/24/2008,1.5334
11/21/2008,1.5907
11/20/2008,1.6415
11/19/2008,1.5675
11/18/2008,1.5343
11/17/2008,1.5386
11/14/2008,1.5398
11/13/2008,1.503
11/12/2008,1.5688
11/11/2008,1.5196
11/10/2008,1.4951
11/7/2008,1.4784
11/6/2008,1.5042
11/5/2008,1.4594
11/4/2008,1.4281
11/3/2008,1.4737
10/31/2008,1.4973
10/30/2008,1.4691
10/29/2008,1.4983
10/28/2008,1.5462
10/27/2008,1.6566
10/24/2008,1.6042
10/23/2008,1.4857
10/22/2008,1.488
10/21/2008,1.4871
10/20/2008,1.4175
10/17/2008,1.4515
10/16/2008,1.4434
10/15/2008,1.5395
10/14/2008,1.4291
10/13/2008,1.4324
10/10/2008,1.5546
10/9/2008,1.4684
10/8/2008,1.5078
10/7/2008,1.4099
10/6/2008,1.3915
10/3/2008,1.2919
10/2/2008,1.295
10/1/2008,1.2678
9/30/2008,1.2588
9/29/2008,1.2452
9/26/2008,1.2031
9/25/2008,1.1975
9/24/2008,1.2001
9/23/2008,1.2033
9/22/2008,1.1847
9/19/2008,1.1991
9/18/2008,1.2468
9/17/2008,1.2727
9/16/2008,1.2496
9/15/2008,1.2399
9/12/2008,1.2141
9/11/2008,1.238
9/10/2008,1.2561
9/9/2008,1.2488
9/8/2008,1.2273
9/5/2008,1.2247
9/4/2008,1.229
9/3/2008,1.1975
9/2/2008,1.1944
9/1/2008,1.1768
8/29/2008,1.1652
8/28/2008,1.1595
8/27/2008,1.165
8/26/2008,1.1694
8/25/2008,1.1586
8/22/2008,1.1552
8/21/2008,1.1347
8/20/2008,1.1445
8/19/2008,1.1464
8/18/2008,1.1508
8/15/2008,1.1544
8/14/2008,1.1486
8/13/2008,1.1438
8/12/2008,1.1467
8/11/2008,1.1315
8/8/2008,1.1252
8/7/2008,1.1031
8/6/2008,1.1004
8/5/2008,1.0913
8/4/2008,1.0765
8/1/2008,1.0762
7/31/2008,1.0617
7/30/2008,1.0592
7/29/2008,1.0499
7/28/2008,1.0444
7/25/2008,1.0457
7/24/2008,1.0426
7/23/2008,1.0403
7/22/2008,1.0299
7/21/2008,1.0233
7/18/2008,1.0301
7/17/2008,1.0282
7/16/2008,1.0263
7/15/2008,1.0211
7/14/2008,1.0288
7/11/2008,1.0339
7/10/2008,1.0394
7/9/2008,1.046
7/8/2008,1.0487
7/7/2008,1.0462
7/4/2008,1.0381
7/3/2008,1.0416
7/2/2008,1.0393
7/1/2008,1.0469
6/30/2008,1.044
6/27/2008,1.0407
6/26/2008,1.0453
6/25/2008,1.0419
6/24/2008,1.0469
6/23/2008,1.0499
6/20/2008,1.0482
6/19/2008,1.0518
6/18/2008,1.0562
6/17/2008,1.0593
6/16/2008,1.0639
6/13/2008,1.0644
6/12/2008,1.0697
6/11/2008,1.0562
6/10/2008,1.0577
6/9/2008,1.0537
6/6/2008,1.0388
6/5/2008,1.0436
6/4/2008,1.0452
6/3/2008,1.0494
6/2/2008,1.0463
5/30/2008,1.0461
5/29/2008,1.0465
5/28/2008,1.0389
5/27/2008,1.0433
5/26/2008,1.0408
5/23/2008,1.0421
5/22/2008,1.0446
5/21/2008,1.0388
5/20/2008,1.0431
5/19/2008,1.0493
5/16/2008,1.0467
5/15/2008,1.064
5/14/2008,1.0709
5/13/2008,1.0642
5/12/2008,1.0554
5/9/2008,1.0613
5/8/2008,1.0591
5/7/2008,1.0626
5/6/2008,1.0524
5/5/2008,1.0564
5/2/2008,1.0683
5/1/2008,1.0719
4/30/2008,1.061
4/29/2008,1.0714
4/28/2008,1.0661
4/25/2008,1.0709
4/24/2008,1.0641
4/23/2008,1.0543
4/22/2008,1.0593
4/21/2008,1.0602
4/18/2008,1.0711
4/17/2008,1.0678
4/16/2008,1.0648
4/15/2008,1.0791
4/14/2008,1.0791
4/11/2008,1.0779
4/10/2008,1.0726
4/9/2008,1.0762
4/8/2008,1.0745
4/7/2008,1.0807
4/4/2008,1.0833
4/3/2008,1.0921
4/2/2008,1.0943
4/1/2008,1.1023
3/31/2008,1.0949
3/28/2008,1.0895
3/27/2008,1.0883
3/26/2008,1.0861
3/25/2008,1.0902
3/24/2008,1.1024
3/21/2008,1.1086
3/20/2008,1.112
3/19/2008,1.0962
3/18/2008,1.0767
3/17/2008,1.0859
3/14/2008,1.0674
3/13/2008,1.0568
3/12/2008,1.0732
3/11/2008,1.0751
3/10/2008,1.0908
3/7/2008,1.078
3/6/2008,1.0803
3/5/2008,1.0713
3/4/2008,1.0784
3/3/2008,1.0643
2/29/2008,1.0739
2/28/2008,1.0539
2/27/2008,1.0608
2/26/2008,1.0713
2/25/2008,1.0793
2/22/2008,1.0821
2/21/2008,1.0884
2/20/2008,1.0889
2/19/2008,1.0884
2/18/2008,1.0948
2/15/2008,1.1008
2/14/2008,1.1088
2/13/2008,1.1161
2/12/2008,1.1078
2/11/2008,1.1053
2/8/2008,1.1164
2/7/2008,1.1193
2/6/2008,1.1168
2/5/2008,1.1159
2/4/2008,1.1006
2/1/2008,1.1061
1/31/2008,1.1157
1/30/2008,1.1156
1/29/2008,1.124
1/28/2008,1.1256
1/25/2008,1.1364
1/24/2008,1.1346
1/23/2008,1.1449
1/22/2008,1.1503
1/21/2008,1.1598
1/18/2008,1.1367
1/17/2008,1.1394
1/16/2008,1.1381
1/15/2008,1.1326
1/14/2008,1.1117
1/11/2008,1.1219
1/10/2008,1.116
1/9/2008,1.1326
1/8/2008,1.1391
1/7/2008,1.1477
1/4/2008,1.1482
1/3/2008,1.1358
1/2/2008,1.1319
1/1/2008,1.1412
12/31/2007,1.1416
12/28/2007,1.1428
12/27/2007,1.1398
12/26/2007,1.1448
12/25/2007,1.148
12/24/2007,1.1481
12/21/2007,1.1534
12/20/2007,1.1646
12/19/2007,1.1639
12/18/2007,1.1625
12/17/2007,1.1665
12/14/2007,1.1616
12/13/2007,1.1416
12/12/2007,1.1332
12/11/2007,1.1474
12/10/2007,1.1304
12/7/2007,1.1397
12/6/2007,1.1381
12/5/2007,1.1499
12/4/2007,1.145
12/3/2007,1.1359
11/30/2007,1.1308
11/29/2007,1.1336
11/28/2007,1.1231
11/27/2007,1.141
11/26/2007,1.1498
11/23/2007,1.14
11/22/2007,1.1471
11/21/2007,1.1511
11/20/2007,1.122
11/19/2007,1.1322
11/16/2007,1.121
11/15/2007,1.1285
11/14/2007,1.1153
11/13/2007,1.1155
11/12/2007,1.1393
11/9/2007,1.096
11/8/2007,1.0789
11/7/2007,1.0761
11/6/2007,1.0774
11/5/2007,1.087
11/2/2007,1.0829
11/1/2007,1.0958
10/31/2007,1.0714
10/30/2007,1.0887
10/29/2007,1.0844
10/26/2007,1.0888
10/25/2007,1.1002
10/24/2007,1.1075
10/23/2007,1.1128
10/22/2007,1.1275
10/19/2007,1.1228
10/18/2007,1.1154
10/17/2007,1.1234
10/16/2007,1.1263
10/15/2007,1.1108
10/12/2007,1.106
10/11/2007,1.1109
10/10/2007,1.1138
10/9/2007,1.1098
10/8/2007,1.1191
10/5/2007,1.1141
10/4/2007,1.1257
10/3/2007,1.1328
10/2/2007,1.132
10/1/2007,1.1185
9/28/2007,1.1269
9/27/2007,1.1361
9/26/2007,1.1408
9/25/2007,1.1446
9/24/2007,1.1516
9/21/2007,1.1536
9/20/2007,1.1578
9/19/2007,1.1673
9/18/2007,1.1726
9/17/2007,1.1993
9/14/2007,1.1887
9/13/2007,1.193
9/12/2007,1.1879
9/11/2007,1.198
9/10/2007,1.2117
9/7/2007,1.2103
9/6/2007,1.2059
9/5/2007,1.2161
9/4/2007,1.213
9/3/2007,1.2157
8/31/2007,1.2228
8/30/2007,1.226
8/29/2007,1.2142
8/28/2007,1.2288
8/27/2007,1.2073
8/24/2007,1.2087
8/23/2007,1.2188
8/22/2007,1.2355
8/21/2007,1.2477
8/20/2007,1.2406
8/17/2007,1.2527
8/16/2007,1.2565
8/15/2007,1.2212
8/14/2007,1.1984
8/13/2007,1.188
8/10/2007,1.1848
8/9/2007,1.1771
8/8/2007,1.1595
8/7/2007,1.1686
8/6/2007,1.1652
8/3/2007,1.1702
8/2/2007,1.1666
8/1/2007,1.1692
7/31/2007,1.1751
7/30/2007,1.1677
7/27/2007,1.1747
7/26/2007,1.1498
7/25/2007,1.1309
7/24/2007,1.1345
7/23/2007,1.1317
7/20/2007,1.1367
7/19/2007,1.1367
7/18/2007,1.1393
7/17/2007,1.1452
7/16/2007,1.1473
7/13/2007,1.1471
7/12/2007,1.1536
7/11/2007,1.1585
7/10/2007,1.161
7/9/2007,1.1626
7/6/2007,1.1652
7/5/2007,1.1683
7/4/2007,1.1658
7/3/2007,1.1705
7/2/2007,1.1641
6/29/2007,1.1782
6/28/2007,1.181
6/27/2007,1.193
6/26/2007,1.1826
6/25/2007,1.1805
6/22/2007,1.179
6/21/2007,1.1803
6/20/2007,1.185
6/19/2007,1.1814
6/18/2007,1.1862
6/15/2007,1.1869
6/14/2007,1.1965
6/13/2007,1.1902
6/12/2007,1.1906
6/11/2007,1.1856
6/8/2007,1.1831
6/7/2007,1.1913
6/6/2007,1.1881
6/5/2007,1.1942
6/4/2007,1.1985
6/1/2007,1.201
5/31/2007,1.2083
5/30/2007,1.214
5/29/2007,1.2217
5/28/2007,1.2202
5/25/2007,1.2235
5/24/2007,1.2218
5/23/2007,1.2144
5/22/2007,1.2204
5/21/2007,1.2174
5/18/2007,1.2156
5/17/2007,1.2139
5/16/2007,1.2132
5/15/2007,1.1999
5/14/2007,1.2017
5/11/2007,1.2008
5/10/2007,1.2131
5/9/2007,1.2082
5/8/2007,1.2064
5/7/2007,1.2121
5/4/2007,1.2151
5/3/2007,1.2141
5/2/2007,1.2126
5/1/2007,1.2083
4/30/2007,1.2041
4/27/2007,1.2049
4/26/2007,1.2101
4/25/2007,1.1963
4/24/2007,1.2083
4/23/2007,1.2016
4/20/2007,1.194
4/19/2007,1.1972
4/18/2007,1.1926
4/17/2007,1.1951
4/16/2007,1.2007
4/13/2007,1.2
4/12/2007,1.2064
4/11/2007,1.2128
4/10/2007,1.2097
4/9/2007,1.2243
4/6/2007,1.2248
4/5/2007,1.2209
4/4/2007,1.2216
4/3/2007,1.2296
4/2/2007,1.2242
3/30/2007,1.2368
3/29/2007,1.2396
3/28/2007,1.2423
3/27/2007,1.237
3/26/2007,1.2349
3/23/2007,1.2414
3/22/2007,1.2402
3/21/2007,1.2378
3/20/2007,1.2451
3/19/2007,1.249
3/16/2007,1.2567
3/15/2007,1.2671
3/14/2007,1.2713
3/13/2007,1.2824
3/12/2007,1.2725
3/9/2007,1.2824
3/8/2007,1.287
3/7/2007,1.2868
3/6/2007,1.2904
3/5/2007,1.2974
3/2/2007,1.2794
3/1/2007,1.2734
2/28/2007,1.2691
2/27/2007,1.2692
2/26/2007,1.2594
2/23/2007,1.2626
2/22/2007,1.2679
2/21/2007,1.2639
2/20/2007,1.2722
2/19/2007,1.2702
2/16/2007,1.2708
2/15/2007,1.2741
2/14/2007,1.2755
2/13/2007,1.2831
2/12/2007,1.2954
2/9/2007,1.2868
2/8/2007,1.2792
2/7/2007,1.2848
2/6/2007,1.2858
2/5/2007,1.2889
2/2/2007,1.2904
2/1/2007,1.2917
1/31/2007,1.2877
1/30/2007,1.2945
1/29/2007,1.296
1/26/2007,1.2925
1/25/2007,1.2934
1/24/2007,1.2784
1/23/2007,1.262
1/22/2007,1.2688
1/19/2007,1.2656
1/18/2007,1.2681
1/17/2007,1.2712
1/16/2007,1.2773
1/15/2007,1.2754
1/12/2007,1.2765
1/11/2007,1.28
1/10/2007,1.287
1/9/2007,1.2807
1/8/2007,1.2822
1/5/2007,1.2833
1/4/2007,1.2751
1/3/2007,1.2639
1/2/2007,1.2565
1/1/2007,1.2664
12/29/2006,1.2668
12/28/2006,1.2658
12/27/2006,1.2746
12/26/2006,1.2799
12/25/2006,1.2741
12/22/2006,1.2752
12/21/2006,1.2741
12/20/2006,1.2729
12/19/2006,1.2763
12/18/2006,1.2819
12/15/2006,1.2793
12/14/2006,1.2773
12/13/2006,1.2722
12/12/2006,1.2717
12/11/2006,1.2748
12/8/2006,1.2727
12/7/2006,1.2673
12/6/2006,1.2746
12/5/2006,1.2712
12/4/2006,1.2671
12/1/2006,1.2679
11/30/2006,1.2681
11/29/2006,1.2767
11/28/2006,1.2754
11/27/2006,1.2834
11/24/2006,1.2843
11/23/2006,1.2917
11/22/2006,1.2887
11/21/2006,1.2965
11/20/2006,1.2982
11/17/2006,1.3004
11/16/2006,1.3042
11/15/2006,1.3064
11/14/2006,1.3068
11/13/2006,1.3114
11/10/2006,1.3028
11/9/2006,1.3016
11/8/2006,1.2973
11/7/2006,1.2935
11/6/2006,1.2961
11/3/2006,1.2988
11/2/2006,1.2914
11/1/2006,1.2904
10/31/2006,1.2916
10/30/2006,1.2994
10/27/2006,1.3016
10/26/2006,1.3087
10/25/2006,1.3139
10/24/2006,1.3188
10/23/2006,1.3213
10/20/2006,1.3184
10/19/2006,1.3169
10/18/2006,1.3236
10/17/2006,1.3277
10/16/2006,1.3268
10/13/2006,1.3315
10/12/2006,1.3313
10/11/2006,1.3466
10/10/2006,1.345
10/9/2006,1.3434
10/6/2006,1.3464
10/5/2006,1.3405
10/4/2006,1.3405
10/3/2006,1.3459
10/2/2006,1.3357
9/29/2006,1.3398
9/28/2006,1.3356
9/27/2006,1.3313
9/26/2006,1.3293
9/25/2006,1.3262
9/22/2006,1.3336
9/21/2006,1.3215
9/20/2006,1.3289
9/19/2006,1.3314
9/18/2006,1.3235
9/15/2006,1.3285
9/14/2006,1.3254
9/13/2006,1.3279
9/12/2006,1.3317
9/11/2006,1.3321
9/8/2006,1.3251
9/7/2006,1.3186
9/6/2006,1.3054
9/5/2006,1.2969
9/4/2006,1.2973
9/1/2006,1.3038
8/31/2006,1.309
8/30/2006,1.3102
8/29/2006,1.3087
8/28/2006,1.3182
8/25/2006,1.321
8/24/2006,1.3136
8/23/2006,1.311
8/22/2006,1.3108
8/21/2006,1.3106
8/18/2006,1.3184
8/17/2006,1.3123
8/16/2006,1.3019
8/15/2006,1.3066
8/14/2006,1.3158
8/11/2006,1.3053
8/10/2006,1.3028
8/9/2006,1.3075
8/8/2006,1.3148
8/7/2006,1.3102
8/4/2006,1.3061
8/3/2006,1.3146
8/2/2006,1.3085
8/1/2006,1.3054
7/31/2006,1.3051
7/28/2006,1.302
7/27/2006,1.3108
7/26/2006,1.3129
7/25/2006,1.3274
7/24/2006,1.3255
7/21/2006,1.329
7/20/2006,1.3318
7/19/2006,1.3333
7/18/2006,1.34
7/17/2006,1.3377
7/14/2006,1.3273
7/13/2006,1.326
7/12/2006,1.3302
7/11/2006,1.3279
7/10/2006,1.3388
7/7/2006,1.3295
7/6/2006,1.3397
7/5/2006,1.3481
7/4/2006,1.3432
7/3/2006,1.3464
6/30/2006,1.3472
6/29/2006,1.3546
6/28/2006,1.3712
6/27/2006,1.3649
6/26/2006,1.3657
6/23/2006,1.3663
6/22/2006,1.363
6/21/2006,1.3517
6/20/2006,1.3555
6/19/2006,1.3578
6/16/2006,1.3548
6/15/2006,1.347
6/14/2006,1.3571
6/13/2006,1.3552
6/12/2006,1.3403
6/9/2006,1.3363
6/8/2006,1.3478
6/7/2006,1.35
6/6/2006,1.3502
6/5/2006,1.3367
6/2/2006,1.3303
6/1/2006,1.3392
5/31/2006,1.3293
5/30/2006,1.3117
5/29/2006,1.3183
5/26/2006,1.3198
5/25/2006,1.3144
5/24/2006,1.3297
5/23/2006,1.33
5/22/2006,1.3251
5/19/2006,1.3188
5/18/2006,1.3064
5/17/2006,1.3197
5/16/2006,1.3034
5/15/2006,1.3136
5/12/2006,1.2948
5/11/2006,1.2887
5/10/2006,1.2913
5/9/2006,1.2921
5/8/2006,1.3007
5/5/2006,1.2955
5/4/2006,1.2969
5/3/2006,1.2974
5/2/2006,1.3129
5/1/2006,1.3165
4/28/2006,1.3198
4/27/2006,1.3215
4/26/2006,1.3289
4/25/2006,1.3405
4/24/2006,1.3439
4/21/2006,1.3485
4/20/2006,1.3538
4/19/2006,1.3384
4/18/2006,1.3464
4/17/2006,1.356
4/14/2006,1.3772
4/13/2006,1.3743
4/12/2006,1.366
4/11/2006,1.3634
4/10/2006,1.37
4/7/2006,1.3778
4/6/2006,1.3683
4/5/2006,1.3733
4/4/2006,1.3882
4/3/2006,1.3973
3/31/2006,1.3955
3/30/2006,1.3991
3/29/2006,1.4131
3/28/2006,1.4189
3/27/2006,1.4177
3/24/2006,1.4097
3/23/2006,1.3997
3/22/2006,1.3903
3/21/2006,1.396
3/20/2006,1.3884
3/17/2006,1.3746
3/16/2006,1.3552
3/15/2006,1.3529
3/14/2006,1.3564
3/13/2006,1.3607
3/10/2006,1.3666
3/9/2006,1.3617
3/8/2006,1.3621
3/7/2006,1.3636
3/6/2006,1.3509
3/3/2006,1.3419
3/2/2006,1.3357
3/1/2006,1.343
2/28/2006,1.3466
2/27/2006,1.3567
2/24/2006,1.3518
2/23/2006,1.3535
2/22/2006,1.3582
2/21/2006,1.3535
2/20/2006,1.3491
2/17/2006,1.3527
2/16/2006,1.3537
2/15/2006,1.3552
2/14/2006,1.3479
2/13/2006,1.3562
2/10/2006,1.3562
2/9/2006,1.3515
2/8/2006,1.3531
2/7/2006,1.3516
2/6/2006,1.3479
2/3/2006,1.335
2/2/2006,1.3276
2/1/2006,1.3287
1/31/2006,1.318
1/30/2006,1.336
1/27/2006,1.3337
1/26/2006,1.3298
1/25/2006,1.3276
1/24/2006,1.3297
1/23/2006,1.3268
1/20/2006,1.3371
1/19/2006,1.3384
1/18/2006,1.3377
1/17/2006,1.3296
1/16/2006,1.3251
1/13/2006,1.3247
1/12/2006,1.3331
1/11/2006,1.3243
1/10/2006,1.3352
1/9/2006,1.3257
1/6/2006,1.326
1/5/2006,1.338
1/4/2006,1.338
1/3/2006,1.3518
1/2/2006,1.3639
12/30/2005,1.3632
12/29/2005,1.365
12/28/2005,1.372
12/27/2005,1.3803
12/26/2005,1.3682
12/23/2005,1.3725
12/22/2005,1.3666
12/21/2005,1.363
12/20/2005,1.3619
12/19/2005,1.3508
12/16/2005,1.3428
12/15/2005,1.3365
12/14/2005,1.3246
12/13/2005,1.3258
12/12/2005,1.3245
12/9/2005,1.3317
12/8/2005,1.3339
12/7/2005,1.3374
12/6/2005,1.3273
12/5/2005,1.3313
12/2/2005,1.3357
12/1/2005,1.3485
11/30/2005,1.3544
11/29/2005,1.3546
11/28/2005,1.3479
11/25/2005,1.359
11/24/2005,1.3535
11/23/2005,1.3557
11/22/2005,1.356
11/21/2005,1.3575
11/18/2005,1.3632
11/17/2005,1.3619
11/16/2005,1.3672
11/15/2005,1.364
11/14/2005,1.3741
11/11/2005,1.3645
11/10/2005,1.371
11/9/2005,1.3573
11/8/2005,1.3609
11/7/2005,1.3643
11/4/2005,1.3639
11/3/2005,1.3523
11/2/2005,1.3462
11/1/2005,1.3431
10/31/2005,1.3361
10/28/2005,1.3344
10/27/2005,1.3213
10/26/2005,1.3251
10/25/2005,1.3222
10/24/2005,1.3306
10/21/2005,1.335
10/20/2005,1.329
10/19/2005,1.3308
10/18/2005,1.3379
10/17/2005,1.3337
10/14/2005,1.3287
10/13/2005,1.3323
10/12/2005,1.3247
10/11/2005,1.3289
10/10/2005,1.3171
10/7/2005,1.3212
10/6/2005,1.3176
10/5/2005,1.3224
10/4/2005,1.3108
10/3/2005,1.3095
9/30/2005,1.3131
9/29/2005,1.3167
9/28/2005,1.3177
9/27/2005,1.3226
9/26/2005,1.3215
9/23/2005,1.3193
9/22/2005,1.3117
9/21/2005,1.2965
9/20/2005,1.3052
9/19/2005,1.3041
9/16/2005,1.3041
9/15/2005,1.3035
9/14/2005,1.2965
9/13/2005,1.3003
9/12/2005,1.3008
9/9/2005,1.2904
9/8/2005,1.294
9/7/2005,1.3049
9/6/2005,1.3024
9/5/2005,1.3027
9/2/2005,1.3059
9/1/2005,1.3115
8/31/2005,1.3245
8/30/2005,1.3357
8/29/2005,1.3308
8/26/2005,1.3218
8/25/2005,1.3171
8/24/2005,1.3245
8/23/2005,1.3243
8/22/2005,1.3247
8/19/2005,1.3306
8/18/2005,1.3279
8/17/2005,1.315
8/16/2005,1.2998
8/15/2005,1.3001
8/12/2005,1.2954
8/11/2005,1.291
8/10/2005,1.3071
8/9/2005,1.3131
8/8/2005,1.3091
8/5/2005,1.3016
8/4/2005,1.2948
8/3/2005,1.2959
8/2/2005,1.3068
8/1/2005,1.3136
7/29/2005,1.3216
7/28/2005,1.3163
7/27/2005,1.3207
7/26/2005,1.3199
7/25/2005,1.311
7/22/2005,1.3034
7/21/2005,1.306
7/20/2005,1.3234
7/19/2005,1.3323
7/18/2005,1.3265
7/15/2005,1.3357
7/14/2005,1.3308
7/13/2005,1.3329
7/12/2005,1.3205
7/11/2005,1.3376
7/8/2005,1.3459
7/7/2005,1.3521
7/6/2005,1.3512
7/5/2005,1.3489
7/4/2005,1.3343
7/1/2005,1.33
6/30/2005,1.3114
6/29/2005,1.3121
6/28/2005,1.311
6/27/2005,1.2996
6/24/2005,1.2991
6/23/2005,1.2966
6/22/2005,1.2841
6/21/2005,1.2816
6/20/2005,1.2893
6/17/2005,1.2858
6/16/2005,1.2933
6/15/2005,1.2991
6/14/2005,1.3106
6/13/2005,1.3133
6/10/2005,1.3135
6/9/2005,1.3025
6/8/2005,1.306
6/7/2005,1.3009
6/6/2005,1.3073
6/3/2005,1.3228
6/2/2005,1.326
6/1/2005,1.3335
5/31/2005,1.3232
5/30/2005,1.3146
5/27/2005,1.3098
5/26/2005,1.3179
5/25/2005,1.3119
5/24/2005,1.3114
5/23/2005,1.3164
5/20/2005,1.3224
5/19/2005,1.319
5/18/2005,1.3139
5/17/2005,1.3245
5/16/2005,1.3232
5/13/2005,1.3163
5/12/2005,1.3073
5/11/2005,1.2915
5/10/2005,1.2872
5/9/2005,1.2935
5/6/2005,1.2904
5/5/2005,1.2803
5/4/2005,1.2807
5/3/2005,1.2917
5/2/2005,1.2823
4/29/2005,1.2804
4/28/2005,1.2839
4/27/2005,1.2877
4/26/2005,1.2868
4/25/2005,1.2819
4/22/2005,1.2801
4/21/2005,1.2877
4/20/2005,1.2893
4/19/2005,1.2959
4/18/2005,1.3013
4/15/2005,1.3019
4/14/2005,1.299
4/13/2005,1.2858
4/12/2005,1.29
4/11/2005,1.2893
4/8/2005,1.2946
4/7/2005,1.3053
4/6/2005,1.3087
4/5/2005,1.3018
4/4/2005,1.3027
4/1/2005,1.2969
3/31/2005,1.2948
3/30/2005,1.2975
3/29/2005,1.298
3/28/2005,1.3003
3/25/2005,1.2956
3/24/2005,1.2959
3/23/2005,1.2959
3/22/2005,1.2776
3/21/2005,1.2729
3/18/2005,1.2581
3/17/2005,1.261
3/16/2005,1.26
3/15/2005,1.2651
3/14/2005,1.2702
3/11/2005,1.2625
3/10/2005,1.2633
3/9/2005,1.2605
3/8/2005,1.2532
3/7/2005,1.2615
3/4/2005,1.2646
3/3/2005,1.2774
3/2/2005,1.2767
3/1/2005,1.271
2/28/2005,1.2619
2/25/2005,1.2711
2/24/2005,1.2711
2/23/2005,1.2715
2/22/2005,1.2595
2/21/2005,1.267
2/18/2005,1.2687
2/17/2005,1.2695
2/16/2005,1.2743
2/15/2005,1.2701
2/14/2005,1.2688
2/11/2005,1.2725
2/10/2005,1.2772
2/9/2005,1.2978
2/8/2005,1.3047
2/7/2005,1.303
2/4/2005,1.2981
2/3/2005,1.2973
2/2/2005,1.2853
2/1/2005,1.2906
1/31/2005,1.2901
1/28/2005,1.2906
1/27/2005,1.2874
1/26/2005,1.2906
1/25/2005,1.3073
1/24/2005,1.299
1/21/2005,1.2991
1/20/2005,1.3186
1/19/2005,1.3167
1/18/2005,1.3237
1/17/2005,1.3186
1/14/2005,1.3179
1/13/2005,1.3058
1/12/2005,1.303
1/11/2005,1.3117
1/10/2005,1.3175
1/7/2005,1.3209
1/6/2005,1.3152
1/5/2005,1.3085
1/4/2005,1.3033
1/3/2005,1.286
12/31/2004,1.2779
12/30/2004,1.2824
12/29/2004,1.2919
12/28/2004,1.2841
12/27/2004,1.2859
12/24/2004,1.3008
12/23/2004,1.3042
12/22/2004,1.3095
12/21/2004,1.3073
12/20/2004,1.3094
12/17/2004,1.3095
12/16/2004,1.3211
12/15/2004,1.3095
12/14/2004,1.3214
12/13/2004,1.3178
12/10/2004,1.3304
12/9/2004,1.3247
12/8/2004,1.3186
12/7/2004,1.2912
12/6/2004,1.2938
12/3/2004,1.2792
12/2/2004,1.2916
12/1/2004,1.2872
11/30/2004,1.2954
11/29/2004,1.2765
11/26/2004,1.2646
11/25/2004,1.264
11/24/2004,1.2702
11/23/2004,1.2721
11/22/2004,1.2782
11/19/2004,1.2765
11/18/2004,1.2853
11/17/2004,1.2789
11/16/2004,1.2944
11/15/2004,1.2937
11/12/2004,1.2993
11/11/2004,1.3087
11/10/2004,1.3165
11/9/2004,1.3144
11/8/2004,1.3197
11/5/2004,1.3108
11/4/2004,1.3203
11/3/2004,1.323
11/2/2004,1.3377
11/1/2004,1.3395
10/29/2004,1.3357
10/28/2004,1.3403
10/27/2004,1.344
10/26/2004,1.3407
10/25/2004,1.3381
10/22/2004,1.3525
10/21/2004,1.3572
10/20/2004,1.3613
10/19/2004,1.3767
10/18/2004,1.379
10/15/2004,1.3714
10/14/2004,1.3724
10/13/2004,1.3792
10/12/2004,1.3685
10/11/2004,1.3639
10/8/2004,1.3609
10/7/2004,1.3741
10/6/2004,1.3819
10/5/2004,1.3815
10/4/2004,1.3855
10/1/2004,1.376
9/30/2004,1.375
9/29/2004,1.395
9/28/2004,1.3927
9/27/2004,1.4009
9/24/2004,1.4003
9/23/2004,1.4013
9/22/2004,1.4139
9/21/2004,1.4208
9/20/2004,1.427
9/17/2004,1.4311
9/16/2004,1.4311
9/15/2004,1.4375
9/14/2004,1.4239
9/13/2004,1.435
9/10/2004,1.4383
9/9/2004,1.4529
9/8/2004,1.435
9/7/2004,1.44
9/6/2004,1.4452
9/3/2004,1.4463
9/2/2004,1.4361
9/1/2004,1.4244
8/31/2004,1.4191
8/30/2004,1.4301
8/27/2004,1.4206
8/26/2004,1.4216
8/25/2004,1.4175
8/24/2004,1.4191
8/23/2004,1.4021
8/20/2004,1.3811
8/19/2004,1.3786
8/18/2004,1.3967
8/17/2004,1.3965
8/16/2004,1.3925
8/13/2004,1.3954
8/12/2004,1.3999
8/11/2004,1.3985
8/10/2004,1.4027
8/9/2004,1.3979
8/6/2004,1.4013
8/5/2004,1.4224
8/4/2004,1.4177
8/3/2004,1.4157
8/2/2004,1.423
7/30/2004,1.4232
7/29/2004,1.432
7/28/2004,1.4332
7/27/2004,1.4291
7/26/2004,1.4099
7/23/2004,1.4099
7/22/2004,1.3987
7/21/2004,1.3977
7/20/2004,1.3737
7/19/2004,1.3652
7/16/2004,1.367
7/15/2004,1.384
7/14/2004,1.3815
7/13/2004,1.3796
7/12/2004,1.3754
7/9/2004,1.3849
7/8/2004,1.3878
7/7/2004,1.3828
7/6/2004,1.4018
7/5/2004,1.4046
7/2/2004,1.4026
7/1/2004,1.4198
6/30/2004,1.4318
6/29/2004,1.4473
6/28/2004,1.4287
6/25/2004,1.4278
6/24/2004,1.4278
6/23/2004,1.4545
6/22/2004,1.4546
6/21/2004,1.4486
6/18/2004,1.4515
6/17/2004,1.4727
6/16/2004,1.4515
6/15/2004,1.4346
6/14/2004,1.4548
6/11/2004,1.4419
6/10/2004,1.4352
6/9/2004,1.4506
6/8/2004,1.4285
6/7/2004,1.4157
6/4/2004,1.4371
6/3/2004,1.4536
6/2/2004,1.4358
6/1/2004,1.4149
5/31/2004,1.3983
5/28/2004,1.4001
5/27/2004,1.3915
5/26/2004,1.4127
5/25/2004,1.4112
5/24/2004,1.4342
5/21/2004,1.4295
5/20/2004,1.4365
5/19/2004,1.4369
5/18/2004,1.4546
5/17/2004,1.457
5/14/2004,1.4458
5/13/2004,1.4531
5/12/2004,1.4309
5/11/2004,1.4324
5/10/2004,1.4371
5/7/2004,1.4234
5/6/2004,1.3851
5/5/2004,1.3668
5/4/2004,1.3701
5/3/2004,1.3884
4/30/2004,1.3874
4/29/2004,1.386
4/28/2004,1.3836
4/27/2004,1.3586
4/26/2004,1.3626
4/23/2004,1.3612
4/22/2004,1.3605
4/21/2004,1.3701
4/20/2004,1.367
4/19/2004,1.3413
4/16/2004,1.3441
4/15/2004,1.3491
4/14/2004,1.3625
4/13/2004,1.3276
4/12/2004,1.3038
4/9/2004,1.309
4/8/2004,1.3115
4/7/2004,1.3062
4/6/2004,1.3127
4/5/2004,1.3273
4/2/2004,1.3188
4/1/2004,1.3028
3/31/2004,1.3051
3/30/2004,1.3273
3/29/2004,1.3371
3/26/2004,1.3388
3/25/2004,1.3552
3/24/2004,1.3435
3/23/2004,1.3298
3/22/2004,1.3273
3/19/2004,1.3357
3/18/2004,1.3296
3/17/2004,1.3495
3/16/2004,1.3487
3/15/2004,1.3557
3/12/2004,1.3655
3/11/2004,1.3512
3/10/2004,1.34
3/9/2004,1.3186
3/8/2004,1.3186
3/5/2004,1.3148
3/4/2004,1.3327
3/3/2004,1.3323
3/2/2004,1.3095
3/1/2004,1.2963
2/27/2004,1.2924
2/26/2004,1.2963
2/25/2004,1.2961
2/24/2004,1.2798
2/23/2004,1.2963
2/20/2004,1.2983
2/19/2004,1.264
2/18/2004,1.267
2/17/2004,1.2521
2/16/2004,1.2619
2/13/2004,1.2664
2/12/2004,1.2678
2/11/2004,1.267
2/10/2004,1.283
2/9/2004,1.2873
2/6/2004,1.298
2/5/2004,1.3133
2/4/2004,1.3127
2/3/2004,1.3076
2/2/2004,1.3183
1/30/2004,1.3092
1/29/2004,1.3135
1/28/2004,1.2948
1/27/2004,1.2839
1/26/2004,1.299
1/23/2004,1.2944
1/22/2004,1.2851
1/21/2004,1.2937
1/20/2004,1.3013
1/19/2004,1.3241
1/16/2004,1.3087
1/15/2004,1.2971
1/14/2004,1.2927
1/13/2004,1.2846
1/12/2004,1.2876
1/9/2004,1.2874
1/8/2004,1.2899
1/7/2004,1.303
1/6/2004,1.3013
1/5/2004,1.302
1/2/2004,1.3182
1/1/2004,1.3312
12/31/2003,1.33
12/30/2003,1.335
12/29/2003,1.3453
12/26/2003,1.3498
12/25/2003,1.347
12/24/2003,1.3481
12/23/2003,1.3579
12/22/2003,1.3638
12/19/2003,1.356
12/18/2003,1.3485
12/17/2003,1.3529
12/16/2003,1.3459
12/15/2003,1.3453
12/12/2003,1.3474
12/11/2003,1.3523
12/10/2003,1.3537
12/9/2003,1.3487
12/8/2003,1.3509
12/5/2003,1.3573
12/4/2003,1.3594
12/3/2003,1.3579
12/2/2003,1.3676
12/1/2003,1.3746
11/28/2003,1.3798
11/27/2003,1.3836
11/26/2003,1.3822
11/25/2003,1.3913
11/24/2003,1.3927
11/21/2003,1.3819
11/20/2003,1.384
11/19/2003,1.3867
11/18/2003,1.3815
11/17/2003,1.4062
11/14/2003,1.388
11/13/2003,1.3878
11/12/2003,1.3954
11/11/2003,1.3981
11/10/2003,1.3979
11/7/2003,1.4111
11/6/2003,1.4155
11/5/2003,1.4107
11/4/2003,1.4228
11/3/2003,1.4315
10/31/2003,1.4119
10/30/2003,1.4206
10/29/2003,1.4212
10/28/2003,1.4196
10/27/2003,1.4189
10/24/2003,1.4303
10/23/2003,1.426
10/22/2003,1.4181
10/21/2003,1.4291
10/20/2003,1.4466
10/17/2003,1.4448
10/16/2003,1.4529
10/15/2003,1.4534
10/14/2003,1.4491
10/13/2003,1.45
10/10/2003,1.4463
10/9/2003,1.4484
10/8/2003,1.4481
10/7/2003,1.4463
10/6/2003,1.4596
10/3/2003,1.4723
10/2/2003,1.4615
10/1/2003,1.4567
9/30/2003,1.4697
9/29/2003,1.475
9/26/2003,1.4827
9/25/2003,1.4748
9/24/2003,1.476
9/23/2003,1.4798
9/22/2003,1.475
9/19/2003,1.488
9/18/2003,1.5014
9/17/2003,1.5034
9/16/2003,1.5093
9/15/2003,1.5034
9/12/2003,1.5071
9/11/2003,1.5141
9/10/2003,1.5212
9/9/2003,1.5158
9/8/2003,1.5431
9/5/2003,1.5424
9/4/2003,1.5563
9/3/2003,1.5604
9/2/2003,1.5717
9/1/2003,1.5486
8/29/2003,1.5443
8/28/2003,1.5612
8/27/2003,1.5648
8/26/2003,1.5536
8/25/2003,1.5376
8/22/2003,1.5332
8/21/2003,1.5294
8/20/2003,1.5139
8/19/2003,1.525
8/18/2003,1.5204
8/15/2003,1.5152
8/14/2003,1.5227
8/13/2003,1.5192
8/12/2003,1.524
8/11/2003,1.5196
8/8/2003,1.5311
8/7/2003,1.5339
8/6/2003,1.5433
8/5/2003,1.5424
8/4/2003,1.544
8/1/2003,1.5348
7/31/2003,1.5421
7/30/2003,1.5315
7/29/2003,1.5089
7/28/2003,1.5087
7/25/2003,1.5071
7/24/2003,1.5011
7/23/2003,1.5136
7/22/2003,1.5353
7/21/2003,1.5348
7/18/2003,1.5452
7/17/2003,1.5315
7/16/2003,1.5245
7/15/2003,1.5393
7/14/2003,1.5171
7/11/2003,1.5146
7/10/2003,1.5178
7/9/2003,1.5208
7/8/2003,1.5136
7/7/2003,1.4764
7/4/2003,1.4748
7/3/2003,1.4684
7/2/2003,1.4684
7/1/2003,1.4779
6/30/2003,1.4847
6/27/2003,1.4978
6/26/2003,1.5059
6/25/2003,1.4975
6/24/2003,1.5069
6/23/2003,1.5061
6/20/2003,1.4969
6/19/2003,1.4907
6/18/2003,1.4847
6/17/2003,1.4935
6/16/2003,1.4973
6/13/2003,1.4958
6/12/2003,1.5026
6/11/2003,1.5084
6/10/2003,1.5243
6/9/2003,1.5215
6/6/2003,1.5185
6/5/2003,1.5041
6/4/2003,1.5061
6/3/2003,1.5114
6/2/2003,1.5206
5/30/2003,1.5287
5/29/2003,1.5329
5/28/2003,1.5364
5/27/2003,1.5271
5/26/2003,1.5155
5/23/2003,1.5146
5/22/2003,1.5192
5/21/2003,1.5271
5/20/2003,1.5183
5/19/2003,1.529
5/16/2003,1.5301
5/15/2003,1.5609
5/14/2003,1.5455
5/13/2003,1.5426
5/12/2003,1.5393
5/9/2003,1.551
5/8/2003,1.5582
5/7/2003,1.569
5/6/2003,1.5563
5/5/2003,1.5752
5/2/2003,1.5832
5/1/2003,1.5849
4/30/2003,1.5953
4/29/2003,1.6071
4/28/2003,1.6172
4/25/2003,1.6224
4/24/2003,1.6172
4/23/2003,1.6224
4/22/2003,1.6097
4/21/2003,1.6275
4/18/2003,1.6275
4/17/2003,1.6317
4/16/2003,1.6318
4/15/2003,1.649
4/14/2003,1.6533
4/11/2003,1.6525
4/10/2003,1.649
4/9/2003,1.6514
4/8/2003,1.6638
4/7/2003,1.6704
4/4/2003,1.6635
4/3/2003,1.6616
4/2/2003,1.6599
4/1/2003,1.6536
3/31/2003,1.6549
3/28/2003,1.6643
3/27/2003,1.6624
3/26/2003,1.6699
3/25/2003,1.6769
3/24/2003,1.6808
3/21/2003,1.6929
3/20/2003,1.6839
3/19/2003,1.6948
3/18/2003,1.6825
3/17/2003,1.6859
3/14/2003,1.6701
3/13/2003,1.6811
3/12/2003,1.6786
3/11/2003,1.6533
3/10/2003,1.6266
3/7/2003,1.6306
3/6/2003,1.6269
3/5/2003,1.6212
3/4/2003,1.6322
3/3/2003,1.6275
2/28/2003,1.643
2/27/2003,1.6522
2/26/2003,1.6465
2/25/2003,1.6514
2/24/2003,1.6533
2/21/2003,1.6746
2/20/2003,1.6713
2/19/2003,1.6831
2/18/2003,1.6953
2/17/2003,1.6934
2/14/2003,1.6885
2/13/2003,1.6794
2/12/2003,1.698
2/11/2003,1.6913
2/10/2003,1.6919
2/7/2003,1.6942
2/6/2003,1.6899
2/5/2003,1.6965
2/4/2003,1.691
2/3/2003,1.711
1/31/2003,1.7023
1/30/2003,1.6976
1/29/2003,1.6948
1/28/2003,1.698
1/27/2003,1.6936
1/24/2003,1.689
1/23/2003,1.693
1/22/2003,1.7049
1/21/2003,1.6976
1/20/2003,1.6907
1/17/2003,1.6893
1/16/2003,1.702
1/15/2003,1.7116
1/14/2003,1.714
1/13/2003,1.7089
1/10/2003,1.7127
1/9/2003,1.7357
1/8/2003,1.735
1/7/2003,1.7429
1/6/2003,1.7357
1/3/2003,1.7622
1/2/2003,1.7729
12/31/2002,1.782
12/30/2002,1.7707
12/27/2002,1.7811
12/26/2002,1.7748
12/25/2002,1.7761
12/24/2002,1.7745
12/23/2002,1.7792
12/20/2002,1.7761
12/19/2002,1.7682
12/18/2002,1.7697
12/17/2002,1.7666
12/16/2002,1.7641
12/13/2002,1.7704
12/12/2002,1.7679
12/11/2002,1.784
12/10/2002,1.7884
12/9/2002,1.7738
12/6/2002,1.7817
12/5/2002,1.7811
12/4/2002,1.7836
12/3/2002,1.7887
12/2/2002,1.7868
11/29/2002,1.7836
11/28/2002,1.784
11/27/2002,1.7971
11/26/2002,1.7852
11/25/2002,1.7865
11/22/2002,1.7732
11/21/2002,1.7767
11/20/2002,1.7833
11/19/2002,1.7893
11/18/2002,1.7786
11/15/2002,1.7742
11/14/2002,1.7751
11/13/2002,1.7849
11/12/2002,1.7843
11/11/2002,1.7811
11/8/2002,1.7716
11/7/2002,1.7648
11/6/2002,1.7735
11/5/2002,1.7816
11/4/2002,1.7814
11/1/2002,1.7887
10/31/2002,1.802
10/30/2002,1.8081
10/29/2002,1.7958
10/28/2002,1.7894
10/25/2002,1.8
10/24/2002,1.8042
10/23/2002,1.8085
10/22/2002,1.8069
10/21/2002,1.8036
10/18/2002,1.818
10/17/2002,1.8154
10/16/2002,1.8226
10/15/2002,1.8274
10/14/2002,1.829
10/11/2002,1.8218
10/10/2002,1.825
10/9/2002,1.8223
10/8/2002,1.8303
10/7/2002,1.818
10/4/2002,1.829
10/3/2002,1.8294
10/2/2002,1.8395
10/1/2002,1.8358
9/30/2002,1.8432
9/27/2002,1.84
9/26/2002,1.836
9/25/2002,1.8314
9/24/2002,1.8384
9/23/2002,1.8395
9/20/2002,1.832
9/19/2002,1.8194
9/18/2002,1.822
9/17/2002,1.8247
9/16/2002,1.8254
9/13/2002,1.8177
9/12/2002,1.8121
9/11/2002,1.8243
9/10/2002,1.8236
9/9/2002,1.8254
9/6/2002,1.8256
9/5/2002,1.8424
9/4/2002,1.832
9/3/2002,1.8263
9/2/2002,1.8131
8/30/2002,1.8154
8/29/2002,1.8108
8/28/2002,1.8151
8/27/2002,1.8072
8/26/2002,1.8363
8/23/2002,1.8412
8/22/2002,1.8462
8/21/2002,1.8363
8/20/2002,1.831
8/19/2002,1.8462
8/16/2002,1.8317
8/15/2002,1.8424
8/14/2002,1.861
8/13/2002,1.8589
8/12/2002,1.8527
8/9/2002,1.8662
8/8/2002,1.8697
8/7/2002,1.8638
8/6/2002,1.8841
8/5/2002,1.8948
8/2/2002,1.8555
8/1/2002,1.8517
7/31/2002,1.8404
7/30/2002,1.8391
7/29/2002,1.8479
7/26/2002,1.8652
7/25/2002,1.8449
7/24/2002,1.8347
7/23/2002,1.8561
7/22/2002,1.8258
7/19/2002,1.7953
7/18/2002,1.8052
7/17/2002,1.8134
7/16/2002,1.7945
7/15/2002,1.7852
7/12/2002,1.7865
7/11/2002,1.7958
7/10/2002,1.7701
7/9/2002,1.7626
7/8/2002,1.7704
7/5/2002,1.7929
7/4/2002,1.7981
7/3/2002,1.7862
7/2/2002,1.7732
7/1/2002,1.7773
6/28/2002,1.7745
6/27/2002,1.7723
6/26/2002,1.7868
6/25/2002,1.7466
6/24/2002,1.7536
6/21/2002,1.7411
6/20/2002,1.7475
6/19/2002,1.7685
6/18/2002,1.766
6/17/2002,1.7913
6/14/2002,1.7846
6/13/2002,1.7641
6/12/2002,1.7542
6/11/2002,1.754
6/10/2002,1.754
6/7/2002,1.75
6/6/2002,1.7366
6/5/2002,1.7441
6/4/2002,1.7463
6/3/2002,1.7502
5/31/2002,1.7626
5/30/2002,1.7754
5/29/2002,1.7767
5/28/2002,1.7808
5/27/2002,1.7939
5/24/2002,1.7961
5/23/2002,1.7984
5/22/2002,1.7894
5/21/2002,1.7965
5/20/2002,1.7994
5/17/2002,1.8092
5/16/2002,1.8226
5/15/2002,1.8214
5/14/2002,1.8243
5/13/2002,1.827
5/10/2002,1.8367
5/9/2002,1.8384
5/8/2002,1.8534
5/7/2002,1.8544
5/6/2002,1.8514
5/3/2002,1.8527
5/2/2002,1.8649
5/1/2002,1.8514
4/30/2002,1.8569
4/29/2002,1.8544
4/26/2002,1.8384
4/25/2002,1.84
4/24/2002,1.8395
4/23/2002,1.8569
4/22/2002,1.8486
4/19/2002,1.8503
4/18/2002,1.8565
4/17/2002,1.8579
4/16/2002,1.8746
4/15/2002,1.8813
4/12/2002,1.8715
4/11/2002,1.8704
4/10/2002,1.8823
4/9/2002,1.8927
4/8/2002,1.8923
4/5/2002,1.8859
4/4/2002,1.8841
4/3/2002,1.8788
4/2/2002,1.87
4/1/2002,1.8725
3/29/2002,1.8742
3/28/2002,1.8725
3/27/2002,1.8948
3/26/2002,1.8966
3/25/2002,1.8862
3/22/2002,1.8841
3/21/2002,1.8856
3/20/2002,1.8859
3/19/2002,1.9108
3/18/2002,1.9035
3/15/2002,1.9028
3/14/2002,1.9086
3/13/2002,1.9237
3/12/2002,1.921
3/11/2002,1.9163
3/8/2002,1.9111
3/7/2002,1.9042
3/6/2002,1.9133
3/5/2002,1.921
3/4/2002,1.9222
3/1/2002,1.924
2/28/2002,1.9341
2/27/2002,1.9401
2/26/2002,1.9465
2/25/2002,1.9465
2/22/2002,1.9514
2/21/2002,1.9375
2/20/2002,1.9303
2/19/2002,1.9269
2/18/2002,1.9292
2/15/2002,1.9324
2/14/2002,1.9329
2/13/2002,1.9613
2/12/2002,1.9641
2/11/2002,1.9506
2/8/2002,1.959
2/7/2002,1.9636
2/6/2002,1.9656
2/5/2002,1.9627
2/4/2002,1.9587
2/1/2002,1.9636
1/31/2002,1.9683
1/30/2002,1.9737
1/29/2002,1.9622
1/28/2002,1.9385
1/25/2002,1.9366
1/24/2002,1.924
1/23/2002,1.9296
1/22/2002,1.9251
1/21/2002,1.931
1/18/2002,1.9436
1/17/2002,1.943
1/16/2002,1.9405
1/15/2002,1.931
1/14/2002,1.9284
1/11/2002,1.9207
1/10/2002,1.9133
1/9/2002,1.9057
1/8/2002,1.9086
1/7/2002,1.9314
1/4/2002,1.9222
1/3/2002,1.9434
1/2/2002,1.9415
12/31/2001,1.9575
12/28/2001,1.9541
12/27/2001,1.9707
12/26/2001,1.971
12/25/2001,1.9683
12/24/2001,1.9645
12/21/2001,1.9694
12/20/2001,1.9788
12/19/2001,1.9564
12/18/2001,1.9405
12/17/2001,1.9333
12/14/2001,1.9247
12/13/2001,1.9273
12/12/2001,1.9237
12/11/2001,1.9393
12/10/2001,1.9439
12/7/2001,1.9453
12/6/2001,1.9266
12/5/2001,1.93
12/4/2001,1.943
12/3/2001,1.9345
11/30/2001,1.9163
11/29/2001,1.931
11/28/2001,1.9173
11/27/2001,1.9141
11/26/2001,1.9269
11/23/2001,1.9312
11/22/2001,1.9356
11/21/2001,1.9378
11/20/2001,1.9234
11/19/2001,1.9144
11/16/2001,1.9141
11/15/2001,1.9292
11/14/2001,1.9222
11/13/2001,1.9203
11/12/2001,1.92
11/9/2001,1.9446
11/8/2001,1.9408
11/7/2001,1.9405
11/6/2001,1.9465
11/5/2001,1.9652
11/2/2001,1.9667
11/1/2001,1.9664
10/31/2001,1.9871
10/30/2001,1.9824
10/29/2001,1.9781
10/26/2001,1.9894
10/25/2001,1.9863
10/24/2001,1.9694
10/23/2001,1.9694
10/22/2001,1.9579
10/19/2001,1.9641
10/18/2001,1.9742
10/17/2001,1.966
10/16/2001,1.9564
10/15/2001,1.9363
10/12/2001,1.9772
10/11/2001,1.997
10/10/2001,1.993
10/9/2001,1.9974
10/8/2001,1.968
10/5/2001,1.9726
10/4/2001,2.0058
10/3/2001,2.0171
10/2/2001,2.0188
10/1/2001,2.0183
9/28/2001,2.0357
9/27/2001,2.0499
9/26/2001,2.0357
9/25/2001,2.0286
9/24/2001,2.0343
9/21/2001,2.0632
9/20/2001,2.0302
9/19/2001,2.027
9/18/2001,2.0123
9/17/2001,1.9903
9/14/2001,1.942
9/13/2001,1.9363
9/12/2001,1.9341
9/11/2001,1.9151
9/10/2001,1.9484
9/7/2001,1.9255
9/6/2001,1.9148
9/5/2001,1.921
9/4/2001,1.9203
9/3/2001,1.8977
8/31/2001,1.8887
8/30/2001,1.8792
8/29/2001,1.8898
8/28/2001,1.8838
8/27/2001,1.8905
8/24/2001,1.8711
8/23/2001,1.8721
8/22/2001,1.8739
8/21/2001,1.8686
8/20/2001,1.8767
8/17/2001,1.8665
8/16/2001,1.9071
8/15/2001,1.8905
8/14/2001,1.9163
8/13/2001,1.9325
8/10/2001,1.9491
8/9/2001,1.9529
8/8/2001,1.9266
8/7/2001,1.9405
8/6/2001,1.9325
8/3/2001,1.9348
8/2/2001,1.922
8/1/2001,1.9296
7/31/2001,1.9617
7/30/2001,1.9753
7/27/2001,1.9667
7/26/2001,1.9633
7/25/2001,1.9675
7/24/2001,1.9629
7/23/2001,1.968
7/20/2001,1.9776
7/19/2001,1.9487
7/18/2001,1.9408
7/17/2001,1.9626
7/16/2001,1.9703
7/13/2001,1.968
7/12/2001,1.9788
7/11/2001,1.9792
7/10/2001,1.9617
7/9/2001,1.9579
7/6/2001,1.9645
7/5/2001,1.9439
7/4/2001,1.9296
7/3/2001,1.9333
7/2/2001,1.9548
6/29/2001,1.9552
6/28/2001,1.9703
6/27/2001,1.9259
6/26/2001,1.9177
6/25/2001,1.9337
6/22/2001,1.9385
6/21/2001,1.9329
6/20/2001,1.9251
6/19/2001,1.9217
6/18/2001,1.9089
6/15/2001,1.906
6/14/2001,1.8956
6/13/2001,1.888
6/12/2001,1.9039
6/11/2001,1.9163
6/8/2001,1.9053
6/7/2001,1.9247
6/6/2001,1.937
6/5/2001,1.9606
6/4/2001,1.9687
6/1/2001,1.966
5/31/2001,1.9768
5/30/2001,1.9495
5/29/2001,1.9337
5/28/2001,1.9203
5/25/2001,1.921
5/24/2001,1.9296
5/23/2001,1.9351
5/22/2001,1.9104
5/21/2001,1.8984
5/18/2001,1.8862
5/17/2001,1.8952
5/16/2001,1.9093
5/15/2001,1.9166
5/14/2001,1.9259
5/11/2001,1.9166
5/10/2001,1.9097
5/9/2001,1.9057
5/8/2001,1.9366
5/7/2001,1.9314
5/4/2001,1.9263
5/3/2001,1.9277
5/2/2001,1.9181
5/1/2001,1.9341
4/30/2001,1.9518
4/27/2001,1.9629
4/26/2001,1.956
4/25/2001,1.9757
4/24/2001,1.9733
4/23/2001,1.9718
4/20/2001,1.942
4/19/2001,1.9341
4/18/2001,1.9859
4/17/2001,1.9851
4/16/2001,1.9556
4/13/2001,1.9645
4/12/2001,1.9587
4/11/2001,1.9875
4/10/2001,2.0171
4/9/2001,2.0352
4/6/2001,2.0062
4/5/2001,2.0385
4/4/2001,2.0435
4/3/2001,2.0523
4/2/2001,2.0866
3/30/2001,2.0604
3/29/2001,2.0237
3/28/2001,2.0258
3/27/2001,2.0018
3/26/2001,1.9978
3/23/2001,2.0139
3/22/2001,2.0249
3/21/2001,2.0229
3/20/2001,1.9942
3/19/2001,2.0054
3/16/2001,2.0208
3/15/2001,2.0319
3/14/2001,2.0179
3/13/2001,1.9828
3/12/2001,1.9636
3/9/2001,1.9645
3/8/2001,1.9564
3/7/2001,1.9636
3/6/2001,1.9255
3/5/2001,1.9181
3/2/2001,1.8907
3/1/2001,1.9041
2/28/2001,1.9051
2/27/2001,1.904
2/26/2001,1.9133
2/23/2001,1.9088
2/22/2001,1.9061
2/21/2001,1.9041
2/20/2001,1.9111
2/19/2001,1.8873
2/16/2001,1.8884
2/15/2001,1.9095
2/14/2001,1.8904
2/13/2001,1.8739
2/12/2001,1.8574
2/9/2001,1.8658
2/8/2001,1.8656
2/7/2001,1.8327
2/6/2001,1.8261
2/5/2001,1.8178
2/2/2001,1.8109
2/1/2001,1.8059
1/31/2001,1.8184
1/30/2001,1.8265
1/29/2001,1.8406
1/26/2001,1.8396
1/25/2001,1.8349
1/24/2001,1.8401
1/23/2001,1.8087
1/22/2001,1.801
1/19/2001,1.7955
1/18/2001,1.7941
1/17/2001,1.8113
1/16/2001,1.8005
1/15/2001,1.8105
1/12/2001,1.7965
1/11/2001,1.7876
1/10/2001,1.795
1/9/2001,1.7756
1/8/2001,1.7623
1/5/2001,1.7493
1/4/2001,1.7676
1/3/2001,1.7893
1/2/2001,1.7894
12/29/2000,1.7947
12/28/2000,1.8065
12/27/2000,1.7899
12/22/2000,1.7988
12/21/2000,1.8026
12/20/2000,1.8161
12/19/2000,1.8388
12/18/2000,1.8469
12/15/2000,1.8345
12/14/2000,1.8448
12/13/2000,1.8519
12/12/2000,1.8474
12/11/2000,1.8501
12/8/2000,1.8285
12/7/2000,1.8275
12/6/2000,1.8322
12/5/2000,1.8531
12/4/2000,1.835
12/1/2000,1.8622
11/30/2000,1.8966
11/29/2000,1.9141
11/28/2000,1.9128
11/27/2000,1.9019
11/24/2000,1.9126
11/23/2000,1.9124
11/22/2000,1.9156
11/21/2000,1.9594
11/20/2000,1.9442
11/17/2000,1.9277
11/16/2000,1.9257
11/15/2000,1.9208
11/14/2000,1.926
11/13/2000,1.9225
11/10/2000,1.919
11/9/2000,1.8988
11/8/2000,1.899
11/7/2000,1.8913
11/6/2000,1.8952
11/3/2000,1.9035
11/2/2000,1.9086
11/1/2000,1.9126
10/31/2000,1.927
10/30/2000,1.9081
10/27/2000,1.9093
10/26/2000,1.9266
10/25/2000,1.9262
10/24/2000,1.9033
10/23/2000,1.8945
10/20/2000,1.8923
10/19/2000,1.9194
10/18/2000,1.9207
10/17/2000,1.9233
10/16/2000,1.911
10/13/2000,1.8861
10/12/2000,1.8843
10/11/2000,1.8669
10/10/2000,1.8739
10/9/2000,1.8669
10/6/2000,1.8702
10/5/2000,1.8714
10/4/2000,1.8586
10/3/2000,1.8524
10/2/2000,1.8317
9/29/2000,1.8449
9/28/2000,1.829
9/27/2000,1.8175
9/26/2000,1.821
9/25/2000,1.8235
9/22/2000,1.8277
9/21/2000,1.8398
9/20/2000,1.8531
9/19/2000,1.8382
9/18/2000,1.8418
9/15/2000,1.8272
9/14/2000,1.8195
9/13/2000,1.8013
9/12/2000,1.7901
9/11/2000,1.7856
9/8/2000,1.8002
9/7/2000,1.7913
9/6/2000,1.7728
9/5/2000,1.7555
9/4/2000,1.7393
9/1/2000,1.7361
8/31/2000,1.733
8/30/2000,1.7419
8/29/2000,1.7507
8/25/2000,1.7426
8/24/2000,1.747
8/23/2000,1.7475
8/22/2000,1.7166
8/21/2000,1.7
8/18/2000,1.6949
8/17/2000,1.6862
8/16/2000,1.6943
8/15/2000,1.716
8/14/2000,1.7216
8/11/2000,1.7282
8/10/2000,1.7173
8/9/2000,1.7277
8/8/2000,1.709
8/7/2000,1.7058
8/4/2000,1.7075
8/3/2000,1.7091
8/2/2000,1.7144
8/1/2000,1.7257
7/31/2000,1.7255
7/28/2000,1.702
7/27/2000,1.6998
7/26/2000,1.6916
7/25/2000,1.71
7/24/2000,1.7074
7/21/2000,1.7063
7/20/2000,1.7188
7/19/2000,1.7342
7/18/2000,1.716
7/17/2000,1.7065
7/14/2000,1.7122
7/13/2000,1.7103
7/12/2000,1.6972
7/11/2000,1.6998
7/10/2000,1.6868
7/7/2000,1.6945
7/6/2000,1.6928
7/5/2000,1.6968
7/4/2000,1.6713
7/3/2000,1.6715
6/30/2000,1.6714
6/29/2000,1.6599
6/28/2000,1.6624
6/27/2000,1.6649
6/26/2000,1.6756
6/23/2000,1.6795
6/22/2000,1.6702
6/21/2000,1.6617
6/20/2000,1.6606
6/19/2000,1.6633
6/16/2000,1.6478
6/15/2000,1.6613
6/14/2000,1.6663
6/13/2000,1.6749
6/12/2000,1.6922
6/9/2000,1.7055
6/8/2000,1.6982
6/7/2000,1.6907
6/6/2000,1.6988
6/5/2000,1.7189
6/2/2000,1.7249
6/1/2000,1.7487
5/31/2000,1.7504
5/30/2000,1.7351
5/26/2000,1.7504
5/25/2000,1.7565
5/24/2000,1.7525
5/23/2000,1.7364
5/22/2000,1.7457
5/19/2000,1.746
5/18/2000,1.7533
5/17/2000,1.7609
5/16/2000,1.7346
5/15/2000,1.7469
5/12/2000,1.7255
5/11/2000,1.7222
5/10/2000,1.7207
5/9/2000,1.7159
5/8/2000,1.7118
5/5/2000,1.6805
5/4/2000,1.6912
5/3/2000,1.6905
5/2/2000,1.7082
4/28/2000,1.7132
4/27/2000,1.7024
4/26/2000,1.6974
4/25/2000,1.6814
4/20/2000,1.6858
4/19/2000,1.6783
4/18/2000,1.6812
4/17/2000,1.6932
4/14/2000,1.6735
4/13/2000,1.677
4/12/2000,1.6745
4/11/2000,1.6785
4/10/2000,1.676
4/7/2000,1.6714
4/6/2000,1.6632
4/5/2000,1.651
4/4/2000,1.6574
4/3/2000,1.6458
3/31/2000,1.647
3/30/2000,1.6353
3/29/2000,1.6343
3/28/2000,1.6264
3/27/2000,1.6345
3/24/2000,1.6476
3/23/2000,1.653
3/22/2000,1.6525
3/21/2000,1.6442
3/20/2000,1.6477
3/17/2000,1.648
3/16/2000,1.6372
3/15/2000,1.63
3/14/2000,1.6273
3/13/2000,1.6221
3/10/2000,1.6276
3/9/2000,1.628
3/8/2000,1.6425
3/7/2000,1.6522
3/6/2000,1.6618
3/3/2000,1.6439
3/2/2000,1.6468
3/1/2000,1.6511
2/29/2000,1.6219
2/28/2000,1.6299
2/25/2000,1.6227
2/24/2000,1.6259
2/23/2000,1.6111
2/22/2000,1.6001
2/21/2000,1.5953
2/18/2000,1.5897
2/17/2000,1.5838
2/16/2000,1.5847
2/15/2000,1.5896
2/14/2000,1.5934
2/11/2000,1.5877
2/10/2000,1.5841
2/9/2000,1.5745
2/8/2000,1.58
2/7/2000,1.5782
2/4/2000,1.5766
2/3/2000,1.5702
2/2/2000,1.5691
2/1/2000,1.5798
1/31/2000,1.5694
1/28/2000,1.5694
1/27/2000,1.5279
1/26/2000,1.5358
1/25/2000,1.5272
1/24/2000,1.5284
1/21/2000,1.5089
1/20/2000,1.5008
1/19/2000,1.5073
1/18/2000,1.5036
1/17/2000,1.5056
1/14/2000,1.4998
1/13/2000,1.4989
1/12/2000,1.5187
1/11/2000,1.5208
1/10/2000,1.5238
1/7/2000,1.5262
1/6/2000,1.528
1/5/2000,1.5202
1/4/2000,1.5239
